 店舗名,店舗住所,カテゴリー,電話番号,URL
炭火焼肉とみや学園前本店,〒630-0036 奈良県奈良市学園北2-5-9,飲食店,0742-51-0209,-
鳥貴族  東生駒店,〒630-0052 奈良県生駒市山崎町4-10,飲食店,0743-87-9955,https://torikizoku.co.jp/store/l/-/-/609
観光旅館  くろんど荘,〒630-0101 奈良県生駒市高山町5035番地,旅館・ホテル,0743-78-5151,http://kurondoso.jp
リンガーハットイオンモール奈良登美ヶ丘店,〒630-0115 奈良県生駒市鹿畑町3027イオンモール奈良登美ヶ丘店2F,飲食店,0743-70-0145,-
錦わらい  イオンモール奈良登美ヶ丘店,〒630-0115 奈良県生駒市鹿畑町3027イオンモール奈良登美ヶ丘2F,飲食店,0743-72-3227,-
ガスト 生駒鹿の台東,〒630-0115 奈良県生駒市鹿畑町７３－１,飲食店,0743-70-1773,-
創士庵,〒630-0122 奈良県生駒市真弓2丁目4-21,飲食店,0743-78-5953,http://www.sousian.com
中国菜館  桂花,〒630-0123 奈良県生駒市真弓南1-10-7,飲食店,0743-79-0031,http://www.c-keika.com/
うどん＋食彩  いな田,〒630-0123 奈良県生駒市真弓南1-10-1,飲食店,0743-79-0660,-
サンマルク学園前店,〒630-0131 奈良県生駒市上町5930-1,飲食店,0743-79-1309,-
ワンカルビ北生駒店,〒630-0131 奈良県生駒市上町3414,飲食店,0743-78-8929,http://www.1dining.co.jp/
きんのぶた北生駒上町店,〒630-0131 奈良県生駒市上町3414,飲食店,0743-78-2901,http://www.1dining.co.jp/
そば処山の神,〒630-0135 奈良県生駒市南田原町２３０番地,飲食店,0743-79-9238,-
バーミヤン 生駒白庭台,〒630-0136 奈良県生駒市白庭台２丁目１２－１１,飲食店,0743-72-3775,-
生駒西白庭台食堂,〒630-0137 奈良県生駒市西白庭台3-9-1,飲食店,0743-72-6636,http://www.fujiofood.com/
かつ満  生駒西白庭台,〒630-0137 奈良県生駒市西白庭台3-9-1,飲食店,0743-79-9049,http://www.fujiofood.com/
来来亭生駒店,〒630-0201 奈良県生駒市小明町390－1来来亭生駒店,飲食店,0743-73-3002,-
天下一品  東生駒店,〒630-0201 奈良県生駒市小明町1057-1,飲食店,0743-73-5575,-
お好み焼き・鉄板焼き・さんわ,〒630-0201 奈良県生駒市小明町553-1,飲食店,0743-73-3938,-
やきとりの扇屋  東生駒店,〒630-0201 奈良県生駒市小明町429-1,飲食店,0743-85-5960,https://tabelog.com/nara/A2902/A290201/29010057/
ガスト 東生駒,〒630-0201 奈良県生駒市小明町５５８－１,飲食店,0743-70-8271,-
やよい軒生駒店,〒630-0201 奈良県生駒市小明町428-1,飲食店,0743-74-5005,-
China Garden 笑空,〒630-0201 奈良県生駒市小明町１５４７－１,飲食店,0743-89-0642,-
サーティワンヒルステップ生駒店,〒630-0201 奈良県生駒市小明町261-4,飲食店,0743-73-8431,-
和食さと  東生駒店,〒630-0212 奈良県生駒市辻町241-1,飲食店,0743-73-9338,-
看板のない隠れ家 Restaurant～足跡～,〒630-0212 奈良県生駒市辻町70-14アーバンライフA103,飲食店,0743-73-7877,https://restaurantashiato.wixsite.com/ikoma0925
鮮菜一貫,〒630-0212 奈良県生駒市辻町70-14アーバンライフA102,飲食店,0743-73-7615,-
居酒屋 まいぺーす,〒630-0213 奈良県生駒市東生駒1-156メゾンムスタッシュ,飲食店,0743-89-1899,-
BABY  FACE  PLANET’S  東生駒店,〒630-0215 奈良県生駒市東菜畑1-297,飲食店,0743-73-7777,http://bf-nara.com/
ココス東生駒店,〒630-0215 奈良県生駒市東菜畑１－２９４,飲食店,0743-71-6550,https://www.f-star.co.jp/
魚の台所 和樂,〒630-0215 奈良県生駒市東菜畑1-310-3東生駒パンション,飲食店,0743-73-1288,-
炭火焼鳥 とり夢亭 本店,〒630-0215 奈良県生駒市東菜畑1丁目182-1クインズコート生駒107,飲食店,0743-75-3885,https://www.torimutei.com/
にぎり長次郎奈良壱分店,〒630-0222 奈良県生駒市壱分町81-6,飲食店,0743-86-4803,http://chojiro.jp/shop/shop.php?id=61
カフェ・メリメロ,〒630-0223 奈良県生駒市小瀬町27-1-102中辻マンション,飲食店,0743-77-0805,https://business.google.com/u/1/site/l/06741673157033824062
ステーキガスト 生駒南,〒630-0226 奈良県生駒市小平尾町１２１－１,飲食店,0743-76-3660,-
すき家  168号生駒壱分店,〒630-0233 奈良県生駒市有里町108-1,飲食店,0120-498-007,-
ミスタードーナツベルテラスいこま店,〒630-0245 奈良県生駒市北新町10-36-305,飲食店,0742-73-3033,-
地鶏炭火焼  鶏扱説明所  生駒店,〒630-0245 奈良県生駒市北新町１０－３６ベルテラスいこま３階,飲食店,0743-71-8829,https://hitosara.com/0006107909/
甘味  IKOMAYA,〒630-0245 奈良県生駒市元町1-14-1  305-3,飲食店,0743-73-5150,-
鎌倉パスタ  ベルテラスいこま店,〒630-0245 奈良県生駒市北新町2043番地,飲食店,0743-71-9309,https://www.saint-marc-hd.com/kamakura/
Bar  Charleston,〒630-0246 奈良県生駒市西松ケ丘１－４３ナビール三和２０４,飲食店,0743-73-1677,-
桃谷樓  生駒店,〒630-0251 奈良県生駒市谷田町1600近鉄百貨店生駒店６F,飲食店,0743-72-2983,https://www.tokokuro.jp/shop/ikoma/index.html
オランダ屋生駒店,〒630-0252 奈良県生駒市山崎町2-6,飲食店,0743-73-3811,https://www.fujieda-coffee.co.jp/cafe-ikoma.html
レストランアヴォートルサンテ,〒630-0253 奈良県生駒市新旭ケ丘6-26,飲食店,0743-75-8123,-
うまいもんや味楽座生駒店,〒630-0257 奈良県生駒市元町1-13-1グリーンヒルいこま3F,飲食店,0743-74-5070,https://kintetsu-rs.com/brand/
直江津,〒630-0258 奈良県生駒市東新町3-3,飲食店,0743-71-8880,https://kani-interfresh.jp
料理屋  エルミタージュ,〒630-0261 奈良県生駒市西旭ケ丘12-13,飲食店,0743-75-8686,-
ルゥ・ディ・パフィ－,〒630-0264 奈良県生駒市西菜畑町1473,飲食店,0743-75-5715,-
Kinachick no Mori,〒630-0266 奈良県生駒市門前町20-9,飲食店,0743-74-5120,https://www.kinachicknomori.com
摩波楽茶屋,〒630-0266 奈良県生駒市門前町14-1,飲食店,0743-74-7111,-
ウィーンの森  近鉄生駒店,〒630-0298 奈良県生駒市谷田町1600近鉄百貨店生駒店4F,飲食店,0743-71-6135,https://www.ufs.co.jp/
幡・ＩＮＯＵＥ生駒店,〒630-0298 奈良県生駒市谷田町1600近鉄百貨店  生駒店  ２階,雑貨店,0743-61-5067,https://www.asa-ban.com/blog1
カハラデイズカフェ,〒630-0298 奈良県生駒市谷田町1600近鉄百貨店  生駒店  ３階,飲食店,0743-72-2977,-
とんかついなば和幸,〒630-0298 奈良県生駒市谷田町1600近鉄百貨店  生駒店  ６階,飲食店,0743-72-2981,-
自家製麺  杵屋,〒630-0298 奈良県生駒市谷田町1600近鉄百貨店  生駒店  ６階,飲食店,0743-72-2982,https://www.gourmet-kineya.co.jp/
つきひ生駒店,〒630-0298 奈良県生駒市谷田町1600近鉄百貨店  生駒店  ６階,飲食店,0743-72-2985,-
ミラノ亭生駒店,〒630-0298 奈良県生駒市谷田町1600近鉄百貨店  生駒店  ６階,飲食店,0743-72-2984,https://www.mj-sangyo.co.jp
ハマヤ生駒店,〒630-0298 奈良県生駒市谷田町1600近鉄百貨店  生駒店  １階,飲食料品店,0743-72-2947,-
くくる生駒店,〒630-0298 奈良県生駒市谷田町1600近鉄百貨店  生駒店  １階,飲食料品店,0743-72-2949,-
ブロッドン生駒店,〒630-0298 奈良県生駒市谷田町1600近鉄百貨店  生駒店  １階,飲食料品店,0743-72-2988,-
イチバンヤフルーツカフェ生駒店,〒630-0298 奈良県生駒市谷田町1600近鉄百貨店  生駒店  ２階,飲食料品店,0743-74-5511,-
アルション近鉄生駒店,〒630-0298 奈良県生駒市谷田町1600近鉄百貨店  生駒店  ２階,飲食料品店,0743-72-2962,-
テバス西大寺店,〒630-0821 奈良県奈良市西大寺東町2-1-63サンワシティ西大寺B1F,飲食店,0743-81-7783,-
大戸屋  阪奈菅原町店,〒630-0842 奈良県奈良市菅原町４３－３大戸屋  阪奈菅原町店,飲食店,0742-52-0018,-
尾花茶屋,〒630-1241 奈良県奈良市阪原町2186,飲食店,090-3055-2350,-
布目の里 山添店,〒630-2201 奈良県山辺郡山添村桐山32,飲食店,0743-89-0640,https://www.nunomenosato.com
YAMA-ZOE／大三食堂,〒630-2201 奈良県山辺郡山添村峰寺119‐7,飲食店,0743-86-0377,https://www.yama-zoe.com
CafeRestaurant映山紅,〒630-2225 奈良県山辺郡山添村伏拝888-1,飲食料品店,0743-87-0670,http://eizankou.com
オークモントゴルフクラブ,〒630-2232 奈良県山辺郡山添村岩屋3316,その他サービス業,0743-87-0031,https://rttg-golf.jp/oakmont/club
梅古庵,〒630-2302 奈良県奈良市月ヶ瀬尾山2263,飲食店,0743-92-0560,https://baikoan.wixsite.com/baikoan
和洋ばるPon'sKitchen,〒630-8001 奈良県奈良市法華寺町237-1石原マンション102号,飲食店,0742-36-3003,http://www.pons-kitchen.com/
お好み焼  豚馬,〒630-8001 奈良県奈良市法華寺町237-9シティパレス市役所前P2-107,飲食店,0742-81-7382,-
レストラン・ラウンジ 扇滝,〒630-8001 奈良県奈良市法華寺町254-1奈良ロイヤルホテル内,飲食店,0742-34-4912,https://nara-royal.co.jp/restaurants/
中国料理  沙山華,〒630-8001 奈良県奈良市法華寺町254-1奈良ロイヤルホテル別館,飲食店,0742-34-1136,https://www.sazanka-china.jp/
日本料理  竹の家,〒630-8001 奈良県奈良市法華寺町254-1奈良ロイヤルホテル内,飲食店,0742-34-4671,https://www.nara-takenoya.jp/
マクドナルド奈良北店,〒630-8001 奈良県奈良市法華寺町73-1マクドナルド奈良北店,飲食店,0742-33-0468,-
濔風  西大寺店,〒630-8002 奈良県奈良市二条町1-1-68福井ビル103,飲食店,0742-35-5343,https://kdhr300.gorp.jp/
mr. kanso 大和西大寺店,〒630-8002 奈良県奈良市二条町一丁目1番68号福井ビル,飲食店,0742-34-5688,https://ja-jp.facebook.com/mr.kanso.yamato.saidaiji/
シャトードール西大寺店,〒630-8003 奈良県奈良市佐紀町47-1岡本ビル,飲食店,0742-33-7365,-
にぎり長次郎奈良二条大路店,〒630-8012 奈良県奈良市二条大路南1-3-18,飲食店,0742-30-2355,http://chojiro.jp/shop/shop.php?id=35
PIZZERIA ICARO,〒630-8012 奈良県奈良市二条大路南五丁目2-48,飲食店,0742-93-9070,https://pizzeria-icaro.jp
tokijiku kitchen  平城京,〒630-8012 奈良県奈良市二条大路南4-6-1平城宮跡歴史公園  天平うまし館,飲食店,0742-93-9015,https://www.suzakumon-heijokyo.com/facility04/
IRACA COFFEE,〒630-8012 奈良県奈良市二条大路南4-6-1平城宮跡歴史公園  天平うまし館,飲食店,0742-93-9014,https://www.suzakumon-heijokyo.com/facility04/
花惣奈良本店,〒630-8012 奈良県奈良市二条大路南４－２－１,飲食店,0742-36-8730,http://www.hanasou.jp/
コメダ珈琲店奈良二条大路店,〒630-8012 奈良県奈良市二条大路南４－２－１,飲食店,0742-93-8740,https://www.komeda.co.jp/search/shopdetail.php?id=371
ウェザーレポートバイピープル,〒630-8012 奈良県奈良市二条大路南１－２－２８,飲食店,0742-34-3123,-
お好み焼・鉄板焼  きん太  奈良二条大路店,〒630-8012 奈良県奈良市二条大路南4丁目1-6,飲食店,0742-30-6088,-
割烹  東吉,〒630-8013 奈良県奈良市三条大路1丁目10-33,飲食店,0742-35-0555,https://www.toukichi.com/
板前焼肉心,〒630-8013 奈良県奈良市三条大路2-2-22,飲食店,0742-36-7788,http://itamae-yakiniku.com/_kokoro/
京中華  飛天散華,〒630-8013 奈良県奈良市三条大路１丁目１－４７,飲食店,0742-33-0222,http://www.hiten-co.jp
小料理  奈良,〒630-8013 奈良県奈良市三条大路1丁目10-11タカハシビル,飲食店,0742-35-8111,-
シルクロードダイニング,〒630-8013 奈良県奈良市三条大路１丁目１－１,飲食店,0742-36-6000,-
日本料理「校倉」,〒630-8013 奈良県奈良市三条大路１丁目１－１,飲食店,0742-36-6000,-
フライングスタッグ,〒630-8013 奈良県奈良市三条大路１丁目１－１,飲食店,0742-36-6000,-
石焼ステーキペガサス,〒630-8013 奈良県奈良市三条大路1-1-88,飲食店,0742-34-0454,-
ホテルアジール・奈良アネックス,〒630-8014 奈良県奈良市四条大路1-4-45  ホテルアジール・奈良アネックス１F,旅館・ホテル,0742-32-2577,https://worldheritage.co.jp/annex/
餃子の王将奈良都跡店,〒630-8014 奈良県奈良市四条大路5-1-53,飲食店,0742-36-2077,-
ココス都跡店,〒630-8014 奈良県奈良市四条大路５－１－４９,飲食店,0742-30-2465,https://www.f-star.co.jp/
奈良四条大路食堂,〒630-8014 奈良県奈良市四条大路2-815-1,飲食店,0742-30-5672,http://www.fujiofood.com/
モスバーガー奈良三条通り店,〒630-8014 奈良県奈良市四条大路2-4-36,飲食店,0742-32-0117,-
博多長浜らーめん夢街道  四条大路店,〒630-8014 奈良県奈良市四条大路2-1-53,飲食店,0742-37-3053,https://yumekaidou.com/
かつや奈良尼辻店,〒630-8021 奈良県奈良市尼辻町乙４３１－３,飲食店,0742-36-9009,http://www.hatsukame.co.jp/
餃子の王将奈良柏木店,〒630-8031 奈良県奈良市柏木町463-3,飲食店,0742-33-8217,-
大起水産回転寿司奈良店,〒630-8031 奈良県奈良市柏木町527-5,飲食店,0742-32-1002,-
街のみなと食堂奈良店,〒630-8031 奈良県奈良市柏木町527-5,飲食店,0742-32-2525,-
天下一品  柏木店,〒630-8031 奈良県奈良市柏木町421-1柏木ビル1F,飲食店,0742-36-7118,https://www.tenkaippin.co.jp/shop/detail.php?id=243
かっぱ寿司  奈良柏木店,〒630-8031 奈良県奈良市柏木町413-1,飲食店,0742-30-6013,https://www.kappasushi.jp
ステーキガスト 奈良柏木,〒630-8031 奈良県奈良市柏木町４５９,飲食店,0742-30-2423,-
しゃぶ葉 奈良柏木,〒630-8031 奈良県奈良市柏木町４５９,飲食店,0742-32-0566,-
どうとんぼり神座  柏木店,〒630-8031 奈良県奈良市柏木町459,飲食店,0742-30-0880,http://kamukura.co.jp
大納言,〒630-8032 奈良県奈良市五条町9-44,飲食店,0742-33-3387,http://www.sanrakudo.co.jp
伝五郎西ノ京店,〒630-8042 奈良県奈良市西ノ京町１３７－１,飲食店,0742-30-3801,https://www.f-star.co.jp/
西ノ京食堂,〒630-8042 奈良県奈良市西ノ京町146-1,飲食店,0742-30-6562,http://www.fujiofood.com/
和膳・ティーラウンジ寿康,〒630-8051 奈良県奈良市七条町95-1,飲食店,0742-35-1265,-
MENYA BIBIRI,〒630-8051 奈良県奈良市七条町165-1,飲食店,0742-31-3440,http://menya-bibiri.net/
すき家  奈良七条店,〒630-8051 奈良県奈良市七条町164-1,飲食店,0120-498-007,-
柿の葉ずし総本家平宗 倭膳たまゆら,〒630-8052 奈良県奈良市七条東町4-25,飲食店,0742-35-2300,http://www.hiraso.jp/store/
奈良医療センターレストランビアンモール,〒630-8053 奈良県奈良市七条2-789,飲食店,0742-46-0316,-
お好み焼きMOROJUKU,〒630-8104 奈良県奈良市奈良阪町1133-1豊光第三ビル103号,飲食店,0742-42-6256,-
アルカイック森の工房,〒630-8107 奈良県奈良市奈保町21-2,飲食店,0742-20-6005,https://www.archaique.co/
日本料理  花鹿,〒630-8107 奈良県奈良市奈保町2-12,飲食店,0742-22-0505,http://kazika.jp
ココス奈良鴻ノ池店,〒630-8108 奈良県奈良市法蓮佐保山３－２－１４,飲食店,0742-20-2180,https://www.f-star.co.jp/
イタリア料理  イル・ベーネ,〒630-8108 奈良県奈良市法蓮佐保山3丁目2-16,飲食料品店,0742-27-8880,-
オランダ屋奈良店,〒630-8108 奈良県奈良市法蓮佐保山3-1-23,飲食店,0742-31-3741,https://www.fujieda-coffee.co.jp/cafe-nara.html
ゆるり,〒630-8112 奈良県奈良市三条本町1番1号ビエラ奈良1F,飲食店,0742-21-8818,http://kk-harrier.com/
来来亭  奈良女子大前店,〒630-8113 奈良県奈良市法蓮町1082-5,飲食店,0742-26-5899,-
うどん職人  和製麺所,〒630-8113 奈良県奈良市法蓮町６３２－２一條館1階,飲食店,0742-81-4991,https://www.nagomi-seimenzyo.com/
公立学校共済組合奈良宿泊所ホテルリガーレ春日野,〒630-8113 奈良県奈良市法蓮町757-2,旅館・ホテル,0742-22-6021,https://ligare-kasugano.jp
くるみの木,〒630-8113 奈良県奈良市法蓮町567-1,飲食店,0742-23-8286,https://www.kuruminoki.co.jp/ichijyo/cafe/
梅乃家,〒630-8113 奈良県奈良市法蓮町1293,飲食店,0742-23-7005,-
アンソレイユ    ,〒630-8113 奈良県奈良市法蓮町１６６－１シャトレー井田1F-A,飲食店,0742-35-6464,-
すし処魚正,〒630-8114 奈良県奈良市芝辻町2丁目11-51,飲食店,0742-93-4761,-
和  やまむら,〒630-8114 奈良県奈良市芝辻町2丁目11-15-105,飲食店,0742-33-0102,-
特選和牛  霜月,〒630-8114 奈良県奈良市芝辻町４－５－２新大宮グリンビル1階,飲食店,0742-36-0029,http://www.tokusen-wagyu.net/
鉄板離宮  アシュランステーキ,〒630-8114 奈良県奈良市芝辻町4丁目2-10ニューコーポラス新大宮102,飲食店,080-38195151,https://assurance-steak.com/
和食さと  新大宮店,〒630-8114 奈良県奈良市芝辻町3-9-17,飲食店,0742-36-1080,-
新大宮りきいち,〒630-8114 奈良県奈良市芝辻町4-6-10,飲食店,0742-33-9410,http://sugino-oden.com
河内鴨と旬菜  雅庵,〒630-8114 奈良県奈良市芝辻町507-1第２中村ビル102,飲食店,0742-34-3339,-
La Pause,〒630-8114 奈良県奈良市芝辻町2丁目11－6ホテル・葉風泰夢１F,飲食店,0742-33-8728,http://www.nara-halftime.com/lapause/
カフェ  ラ・ポーズ 新大宮店,〒630-8114 奈良県奈良市芝辻町2丁目11－62,飲食店,0742-30-3450,http://www.la-pause.jp/lapause_nara/index.html
桃谷樓 ヘルシーガーデン,〒630-8114 奈良県奈良市芝辻町2丁目11－6ホテル・葉風泰夢１F,飲食店,0742-35-2022,http://www.tokokuro.jp/shop/healthy/index.html
居酒屋どっこいしょ,〒630-8114 奈良県奈良市芝辻町4-1-9石橋興産第１ビル１F,飲食店,0742-35-8123,http://www.dokkoisho.net
もつ粋  新大宮本店,〒630-8114 奈良県奈良市芝辻町4-5-6,飲食店,0742-36-7757,-
工場跡事務室,〒630-8114 奈良県奈良市芝辻町５４３番地,飲食店,0742-22-2215,https://www.kojoato.jo
家庭料理お家,〒630-8115 奈良県奈良市大宮町4丁目310-1,飲食店,0742-35-4818,https://kateiryouri-ouchi.owst.jp
焼肉工房もく  新大宮店,〒630-8115 奈良県奈良市大宮町5-44第3宝ハイツ1FB,飲食店,0742-35-5529,https://www.yakinikumoku.com/
ピッツェリア  ルナノーヴァ,〒630-8115 奈良県奈良市大宮町2-1-35,飲食店,0742-33-6679,https://instagram.com/pizzerialunanuova?igshid=1hl9npgwtwqyw
天下一品  新大宮店,〒630-8115 奈良県奈良市大宮町5丁目278-1,飲食店,0742-34-8270,-
や台ずし  新大宮駅前町,〒630-8115 奈良県奈良市大宮町6－2－14,飲食店,0742-30-3588,http://yossix.co.jp/
かごの屋  奈良新大宮店,〒630-8115 奈良県奈良市大宮町6-3-6,飲食店,0742-32-4180,https://kagonoya.food-kr.com/shop/
物集女,〒630-8115 奈良県奈良市大宮町6-6-11,飲食店,0742-36-5566,-
オステリア  ヒロ,〒630-8115 奈良県奈良市大宮町6-5-12アルファスクエアビル,飲食店,0742-36-3567,-
Buono Buono,〒630-8115 奈良県奈良市大宮町5丁目3-4-3,飲食店,0742-30-1122,-
活ふぐ料理  ふくふく,〒630-8115 奈良県奈良市大宮町6-2-15ミールビル4F,飲食店,0742-32-2929,http://kk-harrier.com/
釜めし志津香  大宮店,〒630-8115 奈良県奈良市大宮町4丁目249-4,飲食店,0742-93-8029,https://kamameshi-shizuka.jp/
新大宮すぎ乃,〒630-8115 奈良県奈良市大宮町6-5-14,飲食店,0742-36-4101,http://sugino-oden.com
ほっこり亭,〒630-8115 奈良県奈良市大宮町6丁目9-6axe大宮102,飲食店,0742-35-6166,-
枯淡,〒630-8115 奈良県奈良市大宮町6-2-17千曲ビル 一階,飲食店,0742-33-8817,-
昭和酒場大西,〒630-8115 奈良県奈良市大宮町6-9-6 axe大宮,飲食店,0742-34-0644,-
すし居酒屋  新大宮店,〒630-8115 奈良県奈良市大宮町6-1-9啓林堂ビル,飲食店,0742-30-6501,-
琥俊,〒630-8115 奈良県奈良市大宮町5丁目3-20サンライズ第2ビル101号,飲食店,0742-32-2788,-
大宮飯店,〒630-8115 奈良県奈良市大宮町6丁目6-1アルファーコートビル,飲食店,0742-34-0212,https://sp.demae-can.com/
北新地はらみ  新大宮店,〒630-8115 奈良県奈良市大宮町6-6-1アルファコート１F,飲食店,0742-93-4700,-
カレーハウスCoCo壱番屋近鉄新大宮駅前店,〒630-8115 奈良県奈良市大宮町3丁目5-35,飲食店,0742-30-0575,-
月tokkury,〒630-8115 奈良県奈良市大宮町4丁目286-1-103ハイツ大宮通り,飲食店,0742-81-9254,-
とり福,〒630-8115 奈良県奈良市大宮町4-313-4,飲食店,090-9040-9064,-
インド料理ＪＡＹ  奈良店,〒630-8115 奈良県奈良市大宮町７－２－２３三和佐保川ビル１０１,飲食店,0742-36-2235,-
はじめ,〒630-8115 奈良県奈良市大宮町2-4-8,飲食店,0742-31-5354,http://www.yakinikudon-hajime.com/
しゃぶしゃぶ鹿子,〒630-8115 奈良県奈良市大宮町5丁目3-20アクシスビル1F,飲食店,0742-35-6006,-
喫茶アーガイル,〒630-8115 奈良県奈良市大宮町2-3東急ドエル奈良パークビレッジ9-103号,飲食店,0742-34-8995,-
ラーメン  楓,〒630-8115 奈良県奈良市大宮町6-9-1新大宮ビル1F105,飲食店,0742-36-3111,-
大衆酒場 鮨べろ 新大宮店,〒630-8115 奈良県奈良県奈良市大宮町6-9-4ウインズビルII 2F,飲食店,0742-33-3987,-
鳥貴族 新大宮店,〒630-8115 奈良県奈良市大宮町6-2-15-2F,飲食店,0742-30-2004,-
takolabo,〒630-8115 奈良県奈良市大宮町２−２−2武田三条店舗,飲食店,0742-93-5351,-
ロッソ,〒630-8115 奈良県奈良市大宮町7-2-12,飲食店,090-5465-6551,https://www.facebook.com/rosso.oomiya
一条本店,〒630-8115 奈良県奈良市大宮町6-3-26,飲食店,0742-34-6226,-
一条  新大宮駅前店,〒630-8115 奈良県奈良市大宮町6-1-2,飲食店,0742-34-8803,-
地鶏やきとり  おしどり。新大宮店,〒630-8115 奈良県奈良市大宮町6-7-1カイモトビル105,飲食店,0742-32-3388,-
オオミヤバル,〒630-8115 奈良県奈良市大宮町6-9-8岡田ビル101,飲食店,0742-32-2911,-
くいもの屋わんJR奈良駅前店,〒630-8115 奈良県奈良市大宮町１丁目１－１０梢ビル２・３F,飲食店,0742-20-3666,https://wan-naraekimae.owst.jp
くいもの屋わん新大宮店,〒630-8115 奈良県奈良市大宮町6丁目２－１５ミールBLD,飲食店,0742-30-2366,https://wan-shinoomiya.owst.jp
ONE CAFE！,〒630-8121 奈良県奈良市三条宮前町7-1なら100年会館  ONE UNITED LAB内,飲食店,0742-32-1011,https://one-unitedlab.jp/
銀河食堂,〒630-8121 奈良県奈良市三条宮前町2番31号,飲食店,0742-31-2982,http://ginga.tribute-mj.net
ホルモン大魔王,〒630-8121 奈良県奈良市三条宮前町2-30杉本宮前ビル,飲食店,050-7100-4849,-
ごはんや歩味,〒630-8121 奈良県奈良市三条宮前町２番１－２号,飲食店,0742-34-7878,http://www.pls-k.co.jp
sudachi,〒630-8121 奈良県奈良市三条宮前町2-30宮前ビル1Ｆ,飲食店,0742-42-9540,-
奈良のうまいものプラザ,〒630-8122 奈良県奈良県奈良市三条本町1-1ビエラ奈良1階,飲食店,0742-26-0088,http://www.narano-umaimonoplaza.com/
鉄板焼山河,〒630-8122 奈良県奈良市三条本町11番20号,飲食店,0742-30-2200,https://piazzahotel.co.jp/sanga.html
レストランLa Festa,〒630-8122 奈良県奈良市三条本町11番20号,飲食店,0742-30-2200,https://piazzahotel.co.jp/lafesta.html
Cent LIVE,〒630-8122 奈良県奈良市三条本町11番20号,飲食店,0742-30-2200,https://cento-live.com/
海鮮料理  つじ平,〒630-8122 奈良県奈良市三条本町4-32中室ビル1F,飲食店,0742-23-2222,https://tabelog.com/nara/A2901/A290101/29010051/
あす香,〒630-8122 奈良県奈良市三条本町1098ダイワロイヤルホテルD-PREMIUM奈良1F,飲食店,0742-93-3729,https://asuka-nara.jp/
三条坊,〒630-8122 奈良県奈良市三条本町1-1,飲食店,0742-23-1154,-
Cafeterrace kikinomori,〒630-8122 奈良県奈良市三条本町5－9,飲食店,0742-20-0120,https://cafeterrace.kikino-mori.com/
天極堂JR奈良駅店,〒630-8122 奈良県奈良市三条本町1,飲食店,0742-20-6300,-
ホテル日航奈良レストラン「セリーナ」,〒630-8122 奈良県奈良市三条本町8-1,旅館・ホテル,0742-35-6621,https://www.nikkonara.jp/
ホテル日航奈良和処「よしの」,〒630-8122 奈良県奈良市三条本町8-1,旅館・ホテル,0742-35-5819,https://www.nikkonara.jp/
ホテル日航奈良鉄板焼「銀杏」,〒630-8122 奈良県奈良市三条本町8-1,旅館・ホテル,0742-35-5819,https://www.nikkonara.jp/
ホテル日航奈良ロビーラウンジ「ファウンテン」,〒630-8122 奈良県奈良市三条本町8-1,旅館・ホテル,0742-35-6621,https://www.nikkonara.jp/
モスバーガーJR奈良店,〒630-8122 奈良県奈良市三条本町1-1ビエラ奈良1階,飲食店,0742-20-5501,https://www.mos.jp/shop/detail/04837/
やよい軒奈良駅店,〒630-8122 奈良県奈良市三条本町1-1ビエラ奈良,飲食店,0742-25-5733,-
COO.DINING,〒630-8122 奈良県奈良市三条本町7-111-4第二共栄ビル1階  北東,飲食店,0742-23-8599,-
家庭料理酒場oneroom,〒630-8122 奈良県奈良市三条本町7-111-4第二共栄ビル1F,飲食店,080-8341-3984,-
さん天  奈良三条店,〒630-8124 奈良県奈良市三条桧町17-15,飲食店,0742-81-9933,-
得得  三条添川店,〒630-8127 奈良県奈良市三条添川町5-28,飲食店,0742-35-3577,-
鍋処  ふく平,〒630-8127 奈良県奈良市三条添川町4-37,飲食店,0742-30-1129,-
炭焼やきとり一番三条添川店,〒630-8127 奈良県奈良市三条添川町３６－１－２,飲食店,0742-33-1194,-
御魚処さくら茶屋,〒630-8131 奈良県奈良市大森町43-2ホワイトパレス,飲食店,0742-26-5589,-
ガスト 奈良大安寺,〒630-8134 奈良県奈良市大安寺町字出袋狐塚５５２－２,飲食店,0742-30-2135,-
極楽湯  奈良店,〒630-8134 奈良県奈良市大安寺町510,その他サービス業,0742-32-1126,-
桜座珈琲,〒630-8136 奈良県奈良市恋の窪２-１-８徳丸ビル103,飲食店,0742-34-0087,https://ouzacoffee.com/
ミスタードーナツイオン大安寺店,〒630-8141 奈良県奈良市南京終町1-128-1,飲食店,0742-50-2240,-
ハテノミドリ,〒630-8141 奈良県奈良市南京終町２１１JR京終駅内,飲食店,070-1849-1033,http://kyobate.org/
洋風手料理  明倫館,〒630-8141 奈良県奈良市南京終町1丁目32番地の4,飲食店,0742-61-5577,-
麺屋  NOROMA,〒630-8141 奈良県奈良市南京終町3-1531,飲食店,0742-63-5338,http://noroma.net/
やよい軒奈良大安寺店,〒630-8141 奈良県奈良市南京終町3-1531-1,飲食店,0742-50-5055,-
餃子の王将奈良東九条店,〒630-8144 奈良県奈良市東九条町1496,飲食店,0742-64-1522,-
ココス大安寺店,〒630-8145 奈良県奈良市八条４－６３９－１,旅館・ホテル,0742-30-0731,https://www.f-star.co.jp/
TERRACE 若草山,〒630-8202 奈良県奈良市川上町728,飲食店,0742-23-5255,https://andohotelnara.com/restaurant/
奈良万葉若草の宿三笠,〒630-8202 奈良県奈良市川上町７２８番地の１０,旅館・ホテル,0742-22-5471,http://www.naramikasa.com/
天平倶楽部,〒630-8207 奈良県奈良市今小路町４５－１,飲食店,0742-27-7272,-
茶廊・葉風泰夢,〒630-8208 奈良県奈良市水門町100番地東大寺総合文化センター内,飲食店,0742-20-1201,http://www.tokokuro.jp/sarou/
依水園内食事処三秀,〒630-8208 奈良県奈良市水門町74三秀亭,飲食店,0742-25-0781,http://www.isuien.or.jp
夢窓庵,〒630-8208 奈良県奈良市水門町70-7-1-2,飲食店,0742-23-0131,-
有限会社古都屋,〒630-8211 奈良県奈良市雑司町107,飲食料品店,0742-22-4337,http://kotoya.jp
菊一文珠四郎包永本店,〒630-8211 奈良県奈良市雑司町４８８,その他小売業,0742-26-2211,http://www.kikuichi.com
三笠屋本店,〒630-8211 奈良県奈良市雑司町497,飲食店,0742-27-8113,-
有限会社  春日野,〒630-8211 奈良県奈良市雑司町494,飲食料品店,0742-26-3311,https://kasugano.com
鹿鳴園Rokumeien,〒630-8211 奈良県奈良市雑司町407-4,飲食店,0742-22-6137,https://rokumeienmenubook.wixsite.com/rokumeien
東大寺絵馬堂茶屋,〒630-8211 奈良県奈良市雑司町407,飲食店,0742-26-3326,https://kintetsu-rs.com/brand/
ならや  東大寺店,〒630-8212 奈良県奈良市春日野町１６夢風ひろば,飲食店,0742-23-5233,http://www.kikuichi.com
奈良  春日・奥山  月日亭,〒630-8212 奈良県奈良市春日野町１５８,旅館・ホテル,0742-26-2021,http://www.nara-ryoutei.com/tsukihitei/
かすが茶屋,〒630-8212 奈良県奈良市春日野町160,飲食店,0742-24-1966,-
株式会社中谷本舗  夢風ひろば  ゐざさ茶屋,〒630-8212 奈良県奈良市春日野町16夢風ひろば内,飲食店,0742-94-7133,https://www.izasa.co.jp
ラテラス,〒630-8212 奈良県奈良市春日野町98-1,飲食店,0742-27-0556,https://laterrasse.jp/nara/
牛まぶし  三山,〒630-8212 奈良県奈良市春日野町１１番地,飲食店,0742-23-0218,http://www.wafu-miyama.com/
幡INOUE夢風ひろば東大寺店,〒630-8212 奈良県奈良市春日野町１６,飲食店,0742-27-1010,-
春日大社カフェ・ショップ鹿音,〒630-8212 奈良県奈良市春日野町160春日大社国宝殿１F,飲食店,0742-22-6600,https://www.facebook.com/1200308446654251/posts/1299608703390891/
haruhinogama,〒630-8212 奈良県奈良市春日野町158-9春日野窯・カフェハルヒノ,飲食店,0742-23-3557,http://haruhinogama.web.fc2.com/
茶亭  ゆうすい,〒630-8212 奈良県奈良市春日野町158-1,飲食店,0742-22-4744,http://sateiyuusui.jp
リストランテ オルケストラータ,〒630-8212 奈良県奈良市春日野町101奈良春日野国際フォーラム甍1F,飲食店,0742-20-7321,https://www.hiramatsurestaurant.jp/orchestrata/
TEN.TEN.CAFE,〒630-8212 奈良県奈良市春日野町１６夢風ひろば内,飲食店,0742-26-0011,http://ten10cafe.com
HAPPY KITCHEN 金の鹿,〒630-8212 奈良県奈良市春日野町16夢風ひろばB-2,飲食店,0742-27-2833,-
吉野本葛  黒川本家  東大寺前店,〒630-8212 奈良県奈良市春日野町16夢風ひろば内,飲食店,0742-20-0610,https://www.yume-kaze.com/shop/kurokawahonke.html
登大路ホテル奈良,〒630-8213 奈良県奈良市登大路町40-1,旅館・ホテル,0742-25-2591,https://noborioji.com/
奈良銘品館奈良公園バスターミナル店,〒630-8213 奈良県奈良市登大路町76奈良公園バスターミナル西棟１Ｆ,雑貨店,0742-81-7335,-
株式会社春日ホテル,〒630-8213 奈良県奈良市登大路町40番地,旅館・ホテル,0742-22-4031,http://www.kasuga-hotel.co.jp
有限会社志津香,〒630-8213 奈良県奈良市登大路町59-11,飲食店,0742-27-8030,https://kamameshi-shizuka.jp/
ムッシュペペ,〒630-8213 奈良県奈良市登大路町58-1,飲食店,0742-26-7709,https://monsieur-pepe.jp
PARK 桃谷樓 -PARK TOKOKURO-,〒630-8213 奈良県奈良市登大路町76奈良公園バスターミナル内,飲食店,0742-81-9300,-
カフェ・ 葉風泰夢,〒630-8213 奈良県奈良市登大路町50奈良国立博物館B１F,飲食店,0742-22-1673,http://www.tokokuro.jp/cafe/
まめじか食堂,〒630-8213 奈良県奈良市登大路町59-1,飲食店,0742-25-2175,http://www.tokokuro.jp/topics/2018/_med7th_medopen_2.html
株式会社柳茶屋,〒630-8213 奈良県奈良市登大路町49猿沢池畔,飲食店,0742-23-4763,-
串屋 近鉄奈良駅前本店,〒630-8214 奈良県奈良市東向北町30-2奈良市商店街振興会ビル,飲食料品店,0742-26-1117,-
さくらバーガー,〒630-8214 奈良県奈良市東向北町6,飲食店,0742-31-3813,https://sakuraburger.com
回転寿司ととぎん  近鉄奈良駅前店,〒630-8215 奈良県奈良市東向中町5-1,飲食店,0742-20-1010,https://totogin.com/
すき焼きと牛まぶし  ももしき  奈良本店,〒630-8215 奈良県奈良市東向中町5-1浅川ハーベストビル2階,飲食店,0742-26-1008,-
GRANCHA口福茶寮,〒630-8215 奈良県奈良市東向中町２２,飲食店,0724-26-4834,https://grancha-nara.com
釜めし茶漬け  GRANCHA,〒630-8215 奈良県奈良市東向中町２２,飲食店,0724-26-4834,https://grancha-nara.com
うどん・ごはんむぎの蔵,〒630-8215 奈良県奈良市東向中町１１,飲食店,0742-27-6088,http://happoh.com/muginokura_lp.html
奈良の酒蔵全部呑み  うまっしゅ,〒630-8215 奈良県奈良市東向中町１１,飲食店,0742-94-3735,http://happoh.com
ミスタードーナツ奈良東店,〒630-8215 奈良県奈良市東向中町19,飲食店,0742-22-5271,-
月日亭近鉄奈良駅前店,〒630-8215 奈良県奈良市東向中町6奈良経済倶楽部ビル2F,飲食店,0742-23-5470,https://kintetsu-rs.com/brand/
奈良百楽,〒630-8215 奈良県奈良市東向中町28奈良近鉄ビル8階,飲食店,0742-24-2771,https://kintetsu-rs.com/brand/
カフェ チャオプレッソ奈良駅店,〒630-8215 奈良県奈良市東向中町29番地,飲食店,0742-24-5601,https://ciaopresso.com/
YAMATO Craft Beer Table,〒630-8215 奈良県奈良市東向中町6番地  奈良経済倶楽部ビル1階,飲食店,0742-24-0801,https://yamato-brewery.com/
はぎのや,〒630-8215 奈良県奈良市東向中町8-2,飲食店,0742-22-3135,-
とんかつがんこ奈良店,〒630-8215 奈良県奈良市東向中町19-2,飲食店,0742-25-4129,https://www.gankofood.co.jp/shop/detail/ton-nara
Cafe Fluke,〒630-8215 奈良県奈良市東向中町10,飲食店,0742-23-8981,-
ミライザカ  近鉄奈良駅前店,〒630-8215 奈良県奈良市東向中町3美杉ビル2階,飲食店,0742-25-2180,https://miraizaka.com/kintetunaraekimae/
炭火やきとり  やまと家,〒630-8216 奈良県奈良市東向南町21奈良観光会館,飲食店,0742-26-5689,-
天下一品  東向店,〒630-8216 奈良県奈良市東向南町2パレスビル1F,飲食店,0742-26-6646,-
とんかつ喫茶ブタとエスプレッソと,〒630-8216 奈良県奈良市東向南町2パレスビルCD,飲食店,0742-27-5165,-
チャイナダイニング  飛天,〒630-8216 奈良県奈良市東向南町２６中山ビル  2F,飲食店,0742-26-1777,http://www.hiten-co.jp
つけ麵・らーめん  元喜神,〒630-8216 奈良県奈良市東向南町２６中山ビル  1F,飲食店,0742-26-1611,http://www.hiten-co.jp
osteria YURURI,〒630-8216 奈良県奈良市東向南町13-1 2F,飲食店,0742-81-4748,http://www.yururi-Italian.com
ベトナム料理  コムゴン,〒630-8216 奈良県奈良市東向南町19ー2F,飲食店,0742-26-7779,-
おしゃべりな亀,〒630-8216 奈良県奈良市東向南町28-1,飲食店,0742-26-4557,https://www.instagram.com/oshaberinakame
KIZUNA cafe,〒630-8216 奈良県奈良市東向南町6奈良県女性センター,飲食店,0742-26-2030,-
うどん専門店釜粋,〒630-8216 奈良県奈良市東向南町13-2,飲食店,0742-22-0051,https://www.narakamaiki.com
モスバーガー近鉄奈良店,〒630-8216 奈良県奈良市東向南町10-2,飲食店,0742-25-2033,https://www.mos.jp/shop/detail/08137/
文楽奈良東向通店,〒630-8216 奈良県奈良市東向南町19番地吉田ビル1階,飲食店,0742-25-5510,https://bunraku-soba.co.jp/
マクドナルド奈良店,〒630-8216 奈良県奈良市東向南町21,飲食店,0742-26-2727,https://map.mcdonalds.co.jp/map/29001
和食一条  東向通店,〒630-8216 奈良県奈良市東向南町15,飲食店,0742-22-6226,-
上海樓,〒630-8216 奈良県奈良市東向南町18,飲食店,0742-22-4036,-
酒肆  華,〒630-8217 奈良県奈良市橋本町1なら町長屋,飲食店,0742-22-3777,-
和牛スジカレー  奈良本店,〒630-8217 奈良県奈良市橋本町２８  春日三条通り館２F,飲食店,0742-93-4024,-
びっくりうどん三好野,〒630-8217 奈良県奈良市橋本町２７,飲食店,0742-22-5239,http://bikkuriudon.com./
スムージー専門店  ドリンクドランク,〒630-8217 奈良県奈良市橋本町8,飲食店,0742-27-6206,http://www.drinkdrank.com
PUBLIC HOUSE Ritz,〒630-8217 奈良県奈良市橋本町1-1奈良町長屋,飲食店,0742-31-6144,-
一条  奈良三条通店,〒630-8217 奈良県奈良市橋本町26-3ときわビル１Ｆ,旅館・ホテル,0742-27-3772,-
しゃぶ亭  脇阪,〒630-8218 奈良県奈良市樽井町5好生ビル1階,飲食店,0742-26-7000,-
お好み焼き  かめや,〒630-8218 奈良県奈良市樽井町９,飲食店,0742-22-2434,-
茶論奈良町店,〒630-8221 奈良県奈良市元林院町31-1,飲食店,0742-93-8833,-
晴朗邸(勝手口),〒630-8222 奈良県奈良市餅飯殿町41番地マインズビル2階,飲食店,0742-24-4441,http://seiroutei.dip.jp/
K&M Vegan Kitchen 菜美 -nabi-,〒630-8222 奈良県奈良市餅飯殿町12番地夢キューブ G店舗,飲食店,090-5019-2518,http://vegan-nara.com
揚げ芋アイスとかき揚げ丼のお店瑞穂,〒630-8222 奈良県奈良市餅飯殿町12番地-Ｊ号餅飯殿夢キューブ J店舗,飲食店,0742-93-5071,https://tempura-bowl-restaurants-12.business.site/
喫茶南風,〒630-8222 奈良県奈良市餅飯殿町39番地,飲食店,0742-27-2966,-
aka tombo coffee,〒630-8222 奈良県奈良市餅飯殿町15番地Ｙビル2階,飲食店,090-9624-8134,https://akatombo-coffee.shopinfo.jp/
よばれや,〒630-8222 奈良県奈良市餅飯殿町7番地,飲食店,0742-24-5575,-
奈良おもてなし食堂,〒630-8223 奈良県奈良市角振新屋町6-3  １F,飲食店,0742-26-6778,-
懐石料理  かこむら,〒630-8223 奈良県奈良市角振新屋町10,飲食店,0742-24-1070,-
炭火焼肉霜月,〒630-8224 奈良県奈良市角振町２６いせやビル２Ｆ,飲食店,0742-93-3715,https://r.gnavi.co.jp/5e70x4wr0000/?utm_id=type-t_dsa-tenpo_mp-9itm1-rm0_y_lis&yclid=YSS.1001134160.EAIaIQobChMImOTagJyG7AIVgVVgCh0E1g51EAAYASAAEgIVY_D_BwE
堀内果実園,〒630-8224 奈良県奈良市角振町23,飲食店,0742-93-8393,https://horiuchi-fruit.jp/
魚いち,〒630-8224 奈良県奈良市角振町31-1モトイケビル1F,飲食店,0742-93-6004,http://uoichi-nara.com/
カフェ・ド・クリエ 奈良三条通店,〒630-8224 奈良県奈良市角振町６－１奈良フコク生命ビル１F,飲食料品店,0742-20-6130,https://www.pokkacreate.co.jp
リトルマーメイド近鉄奈良駅前店,〒630-8225 奈良県奈良市西御門町13-4,飲食店,0742-81-7739,-
居酒屋  天うま,〒630-8225 奈良県奈良市西御門町11-11プライムビル6F,飲食店,0742-20-1112,http://tenuma.com/
李朝園  近鉄奈良駅前店,〒630-8225 奈良県奈良市西御門町15-1,飲食料品店,0742-81-3277,-
大和骨付鳥一勝  近鉄奈良駅店,〒630-8225 奈良県奈良市西御門町11-11プライムビル2階,飲食店,0742-23-1223,https://tabelog.com/nara/A2901/A290101/29008565/
天理スタミナラーメン  近鉄奈良駅前店,〒630-8225 奈良県奈良市西御門町29-4,飲食店,0742-22-3100,-
鳥貴族 近鉄奈良駅前店,〒630-8225 奈良県奈良市西御門町15-1アクロスキューブ近鉄奈良駅前 3階,飲食店,0742-93-9277,-
ROKUMEI COFFEE CO.NARA,〒630-8225 奈良県奈良市西御門町31吉村ビル1階,飲食店,0742-23-4075,https://rokumei.coffee
焼肉工房もく  近鉄奈良店,〒630-8226 奈良県奈良市小西町５  アルテ館２階  A,飲食店,0742-26-1329,https://www.yakinikumoku.com/
ビストロスクワール,〒630-8226 奈良県奈良市小西町9川村ビル１０３,飲食店,0742-26-2371,-
ラ・テラス  オール  デイ  ダイニング,〒630-8226 奈良県奈良市小西町131階,飲食店,0742-23-2367,http://dlight.jp/brand/cafe/#alldaydining
季節を愉しむ  櫃屋,〒630-8226 奈良県奈良市小西町23ホテル花小路1F,飲食店,0742-26-2646,http://www.hanakomichi.co.jp/restaurant
焼肉製作所 神神,〒630-8226 奈良県奈良市小西町8-1ラフィーヌ東洋５Ｆ,飲食店,090-3702-8280,-
餃子の王将近鉄奈良駅前店,〒630-8226 奈良県奈良市小西町20,飲食店,0742-27-6151,-
シアトルズベストコーヒー奈良さくら通り店,〒630-8226 奈良県奈良市小西町２５－１,飲食店,0742-81-3241,-
もんじゃ焼き眞田  近鉄奈良店,〒630-8226 奈良県奈良市小西町21-1ならら  2階,飲食店,0742-26-3800,-
リストランテ  ボルゴ・コニシ,〒630-8226 奈良県奈良市小西町24番地フラッツ小西２F,飲食店,0742-26-5581,http://www.borgokonishi.com/
Monks on the Moon,〒630-8226 奈良県奈良市小西町２０山田ビル２F,飲食店,0742-20-6030,https://instagram.com/momburger2017/
シャトードール本店,〒630-8226 奈良県奈良市小西町39番地,飲食店,0742-26-6858,-
大和飛鳥鍋  膳  奈良店,〒630-8226 奈良県奈良市小西町21-1な・ら・ら２F,飲食店,0742-24-8816,https://topfd.net/
もんじゃ  六つ木,〒630-8226 奈良県奈良市小西町2-1  2Ｆ,飲食店,0742-93-5589,-
和牛ステーキ関,〒630-8226 奈良県奈良市小西町21-1ならら1Ｆ,飲食店,0742-23-2626,-
The Olive Dining,〒630-8226 奈良県奈良市小西町21-1ならら1Ｆ,飲食店,0742-21-7700,-
やたがらす,〒630-8227 奈良県奈良市林小路町13-1第二福田ビル1階,飲食店,0742-20-0808,https://r.gnavi.co.jp/amp/nasv8x8h0000/
テバス奈良店,〒630-8227 奈良県奈良市林小路町41脇阪ビル１F,飲食店,0742-81-9179,-
居酒家喜蔵  奈良店,〒630-8227 奈良県奈良市林小路町23いそかわビル1階,飲食店,0742-93-8564,http://meibi-mt.co.jp/%E4%BA%8B%E6%A5%AD%E6%A1%88%E5%86%85/%E5%B1%85%E9%85%92%E5%AE%B6%E3%80%80%E5%96%9C%E8%94%B5/
串皇,〒630-8228 奈良県奈良市上三条町22-3シャインロードミヤコ1階,飲食店,0742-25-2855,-
旬彩坐 立山,〒630-8228 奈良県奈良市上三条町12-1三条ミドービル2F,飲食店,0742-26-8880,-
CAFE ETRANGER NARAD,〒630-8228 奈良県奈良市上三条町23-4ナラニクル,飲食店,0742-20-5620,https://www.cafe-etranger.jp
カレーハウスCoCo壱番屋  奈良上三条店,〒630-8228 奈良県奈良市上三条町７,飲食店,0742-26-5011,-
杉養蜂園  奈良東大寺店,〒630-8228 奈良県奈良市上三条町5番町,飲食店,0742-26-5638,-
御料理  吉座傳右衛門,〒630-8231 奈良県奈良市本子守町5-1,飲食店,0742-24-4700,https://tabelog.com/nara/A2901/A290101/29000426/
ニパチ  三条通店,〒630-8236 奈良県奈良市下三条町44－2冨士屋ビル1F,飲食店,0742-25-5318,http://yossix.co.jp/
うなぎの川はら  三条家,〒630-8236 奈良県奈良市下三条町35,飲食店,0742-24-1138,http://unagino-kawahara.com/
バーオールドタイム,〒630-8236 奈良県奈良市下三条町47-1ホテルフジタ奈良１F,飲食店,0742-23-8668,-
ガスト 奈良三条,〒630-8236 奈良県奈良市下三条町３１－１,飲食店,0742-20-6410,-
珈琲館奈良三条店,〒630-8236 奈良県奈良市下三条町38珈琲館奈良三条店,飲食店,0742-27-2777,-
奈良ワシントンホテルプラザ  銀座,〒630-8236 奈良県奈良市下三条町31-1奈良ワシントンホテルプラザ,飲食店,0742-27-0410,http://nara.washington.jp
KICHIRI 近鉄奈良駅前,〒630-8237 奈良県奈良市中筋町6奈良ラインハウスビル3F,飲食店,0742-20-5078,-
大衆酒場 鮨べろ 近鉄奈良店,〒630-8237 奈良県奈良市中筋町6-1奈良ラインハウス4F,飲食店,0742-27-9321,-
すき家  近鉄奈良駅前店,〒630-8237 奈良県奈良市中筋町6-1,飲食店,0120-498-007,-
ほおずき,〒630-8241 奈良県奈良市高天町38-3,飲食店,0742-24-5411,-
しゃぶしゃぶ松山,〒630-8241 奈良県奈良市高天町４４ー７,飲食店,0742-23-4166,-
お天気パーラー,〒630-8241 奈良県奈良市高天町46番1変なホテル１F,飲食店,0742-23-0723,https://otenki-parlor.com
鮓  玄治,〒630-8244 奈良県奈良市三条町606スクエア奈良三条5F,飲食店,0742-23-7355,https://kisshu0.wixsite.com/mysite
贔屓屋奈良本店,〒630-8244 奈良県奈良市三条町511-3,飲食店,0742-23-3465,-
鉄板ステーキ  シェルブルー,〒630-8244 奈良県奈良市三条町470綺羅星ビル２F,飲食店,0742-93-8812,https://steak-cielbleu.com/
たつ屋  JR奈良駅前店,〒630-8244 奈良県奈良市三条町５１２－３,飲食店,0742-26-0290,http://yakiniku-tatsuya.com/
四季遊人  ＪＲ奈良店,〒630-8244 奈良県奈良市三条町523番地の1,飲食店,0742-20-2030,https://www.shikiyujin.com/
cafe cojica,〒630-8244 奈良県奈良市三条町547番地,飲食店,0742-94-3547,http://www.cojica-nara.com/
居酒屋  酒樂,〒630-8244 奈良県奈良市三条町495番地バナナビル3階,飲食店,0742-27-0866,http://izakaya-syuraku.com
もつ粋  ＪＲ奈良駅前店,〒630-8244 奈良県奈良市三条町511  2F,飲食店,0742-26-3987,-
G IS GOOD COFFEE & BEER STAND,〒630-8244 奈良県奈良市三条町606-67,飲食店,0742-81-4415,-
するがまちのお好み焼き屋,〒630-8244 奈良県奈良市三条町606-8田中ビル,飲食店,0742-27-8238,-
らーめん三ちゃん,〒630-8244 奈良県奈良市三条町474-1ふくもりビル1Ｆ,飲食店,0742-24-4810,-
餃子の王将奈良三条店,〒630-8246 奈良県奈良市油阪地方町6-6,飲食店,0742-26-4827,-
串揚げ和,〒630-8246 奈良県奈良市油阪地方町５番松山ビル２階,飲食店,0742-26-5200,https://m.tabelog.com/rst_mobile/rstdtl?qr=1&rcd=29011927
創作鉄板バル  庵蔵,〒630-8246 奈良県奈良市油阪地方町5マツヤマビル,飲食店,0742-93-4378,-
焼肉燈火,〒630-8246 奈良県奈良市油阪地方町6-4京ろまんビル1Ｆ,飲食店,0742-24-0055,-
九州自慢奈良三条通り店,〒630-8246 奈良県奈良市油阪地方町３－１シェリー三条ビル２F,飲食店,0742-25-3288,https://wankyuushu-narasanjyou.owst.jp
日本料理 かがりや,〒630-8247 奈良県奈良市油阪町1-58  ホテルアジール・奈良2F,旅館・ホテル,0742-22-2577,https://worldheritage.co.jp/asyl/
本格インド料理 Madras Spice 奈良店,〒630-8247 奈良県奈良市油阪町1-51センチュリオンホテル1階,飲食店,0742-81-7861,-
半藏,〒630-8247 奈良県奈良市油阪町11-4第一中村ビル４階,飲食店,0742-26-0135,-
KASUYA JR奈良駅前店,〒630-8247 奈良県奈良市油阪町11-4第一中村ビル1F,飲食店,0742-27-0188,-
BIG MOUNTAIN CAFE & FARM,〒630-8248 奈良県奈良市西新在家町２０,飲食店,0742-42-9424,https://www.bmcaf.co/
小麦粉,〒630-8248 奈良県奈良市西新在家町15-1,飲食店,0742-22-6848,-
カフェ バルドー,〒630-8253 奈良県奈良市内侍原町１３,飲食店,0742-26-5311,-
カフェこよみ,〒630-8258 奈良県奈良市船橋町22-2,飲食店,0742-23-6487,-
松籟 〜まつのおと〜,〒630-8262 奈良県奈良市北袋町18-1,飲食店,0742-81-4949,-
久家,〒630-8264 奈良県奈良市鍋屋町５番地,飲食店,0742-22-4127,https://www.nara-hisaya.com/
スペイン料理Gentry,〒630-8266 奈良県奈良市花芝町１６－１第二丸谷ビル,飲食店,0742-27-1477,http://web1.kcn.jp/gentry/
U's kitchen,〒630-8266 奈良県奈良市花芝町7プラザ花芝,飲食店,0742-26-2888,https://uskitchen2005.jimdofree.com/
ラ・フォルム  ド  エテルニテ,〒630-8266 奈良県奈良市花芝町７－２松村ビル１階,飲食店,0742-20-6933,-
千壽庵吉宗  喫茶『千壽茶寮』,〒630-8273 奈良県奈良市押上町39-1,飲食店,0742-23-3003,http://www.senjyuan.co.jp
天極堂奈良本店,〒630-8273 奈良県奈良市押上町1-6,飲食店,0742-27-5011,-
紅屋,〒630-8273 奈良県奈良市押上町9-1,飲食店,0742-55-2296,-
日本料理おばな,〒630-8301 奈良県奈良市高畑町1110ホテル尾花内,飲食店,0742-22-2108,http://obana-nara.jp/
江戸三,〒630-8301 奈良県奈良市高畑町  １１６７,旅館・ホテル,0742-26-2662,http://www.edosan.jp/
なら和み館  Restaurant＆Cafe あをがき,〒630-8301 奈良県奈良市高畑町1071,飲食店,0742-21-7530,https://worldheritage.co.jp/nagomi/
奈良ホテル  メインダイニングルーム「三笠」,〒630-8301 奈良県奈良市高畑町1096,飲食店,0742-24-3304,https://www.narahotel.co.jo/restaurant
奈良ホテル 日本料理「花菊」,〒630-8301 奈良県奈良市高畑町1096,飲食店,0742-24-3304,https://www.narahotel.co.jo/restaurant
奈良ホテル  ティーラウンジ,〒630-8301 奈良県奈良市高畑町1096,飲食店,0742-24-3304,https://www.narahotel.co.jo/restaurant
奈良ホテル  THE  BAR,〒630-8301 奈良県奈良市高畑町1096,飲食店,0742-24-3304,https://www.narahotel.co.jo/restaurant
株式会社菊水楼,〒630-8301 奈良県奈良市高畑町1130,飲食店,0742-23-2001,https://www.kikusuiro.com/
杉幸園,〒630-8301 奈良県奈良市高畑町1236,飲食店,0742-27-6636,-
株式会社ＲＡＨＯＴＳＵ,〒630-8301 奈良県奈良市高畑町1073-2中尾ビル101,飲食店,0742-24-1180,http://www.rahotsu.com
飛鳥荘,〒630-8301 奈良県奈良市高畑町1113-3,旅館・ホテル,0742-26-2538,https://www.asukasou.com/
うな菊,〒630-8301 奈良県奈良市高畑町1130菊水楼内はなれ,飲食店,0742-23-2001,-
わんず・はーと・かふぇ,〒630-8301 奈良県奈良市高畑町1028-7,飲食店,0742-81-9850,http://onesheartcafe-naramachi.com/
奈良うどん  ふく徳,〒630-8301 奈良県奈良市高畑町１１１３−１,飲食店,0742-26-2900,-
ambitious cafe&gallery,〒630-8301 奈良県奈良市高畑町1097-2ならまち工房Ⅱ  2F,飲食店,090-1670-0311,https://ambitious-co.jp/cafe/
PE LONCHO,〒630-8301 奈良県奈良市高畑町1098-1KOTOMATIビル,飲食店,0742-55-0202,https://www.instagram.com/peloncho_nara/?hl=ja
ヘルシーごはん＆カフェ  遊,〒630-8301 奈良県奈良市高畑町９８６６－１,飲食店,0742-93-6389,https://www.hotpepper.jp/strJ001246555/
肉匠迎賓館  奈良店,〒630-8304 奈良県奈良市南肘塚町220-1,飲食店,0742-24-5529,http://www.yakinikugeihinkan.com
鶏笑南肘塚店,〒630-8304 奈良県奈良市南肘塚町47-4,飲食店,0742-26-2441,-
マクドナルド奈良紀寺店,〒630-8306 奈良県奈良市紀寺町369-1,飲食店,0742-20-5070,https://map.mcdonalds.co.jp/map/29530
よつばカフェ,〒630-8306 奈良県奈良市紀寺町954,飲食店,0742-26-8834,http://yotubanote.exblog.jp
すき家  169号奈良紀寺店,〒630-8306 奈良県奈良市紀寺町682-1,飲食店,0120-498-007,-
ボナペティめしあがれ,〒630-8312 奈良県奈良市十輪院町1,飲食店,0742-27-5988,http://www1.kcn.ne.jp/~appetit/
鹿の舟  竈,〒630-8317 奈良県奈良市井上町11,飲食店,0742-94-5520,https://www.kuruminoki.co.jp/shikanofune/kamado/
鹿の舟  囀,〒630-8317 奈良県奈良市井上町11,飲食店,0742-94-9700,https://www.kuruminoki.co.jp/shikanofune/saezuri/
旬彩ひより,〒630-8333 奈良県奈良市中新屋町26,飲食店,0742-24-1470,https://naramachi-hiyori.jp/
はり新,〒630-8333 奈良県奈良市中新屋町15番地,飲食店,0742-22-2669,https://harishin.com/
喫茶・工房  まほろば,〒630-8333 奈良県奈良市中新屋町19,飲食店,0742-26-2526,-
春日庵,〒630-8333 奈良県奈良市中新屋町28,飲食店,0742-22-6483,https://www.kasuga-an.co.jp/
奈良町豆腐庵こんどう,〒630-8334 奈良県奈良市西新屋町44,飲食料品店,0742-26-4694,http://www.kondou-touhu.co.jp/naramachi/
七福食堂,〒630-8335 奈良県奈良市鳴川町19,飲食店,070-1800-0789,-
cervo bianco  Pizza&Gelato,〒630-8336 奈良県奈良市高御門町7,飲食店,0742-31-1042,https://www.cervobianco.net/
& NARA  Gallete & Crepe,〒630-8336 奈良県奈良市高御門町38,飲食店,0742-31-6515,https://www.andnara.com/
奈良町  あしびの郷,〒630-8337 奈良県奈良市脇戸町２９,飲食店,0742-26-6662,https://www.ashibinosato.com/about.html
いち由,〒630-8337 奈良県奈良市脇戸町19-3,飲食店,0742-22-3980,-
レストランPAO  ならまち店,〒630-8337 奈良県奈良市脇戸町12-1集合店舗  界,飲食店,0742-24-3056,-
とよのあかり  すずの音,〒630-8343 奈良県奈良市椿井町３６,飲食店,0742-31-7440,-
よしの舎,〒630-8344 奈良県奈良市東城戸町14-1,飲食店,090-9545-0943,-
風流味覚  梁山泊,〒630-8345 奈良県奈良市西城戸町13番地杜ビル,飲食店,0742-26-2523,http://r.gnavi.co.jp/k499600/
NIPPONIA HOTEL 奈良 ならまち,〒630-8345 奈良県奈良市西城戸町  四番地,飲食店,0120-210-289,https://www.naramachistay.com/
大和川,〒630-8355 奈良県奈良市南魚屋町35-3,飲食店,090-6064-1135,-
和粋食処春日,〒630-8357 奈良県奈良市杉ケ町28-1,飲食店,0742-23-1570,https://tabelog.com/nara/A2901/A290101/29002231/
釜揚げうどん  重乃井,〒630-8357 奈良県奈良市杉ケ町17-1,飲食店,0742-26-7748,http://www.sigenoi.com/
鳥料理  悠庵,〒630-8357 奈良県奈良市杉ケ町１４－１第一西田ビル１０２,飲食店,0742-81-7794,-
ステーキ中山,〒630-8362 奈良県奈良市東寺林町７サンフェアリー１階,飲食店,0742-27-2911,-
cotocoto,〒630-8362 奈良県奈良市東寺林町３８ならまちセンター１F,飲食店,0742-22-6922,https://www.kiyosumi.jp/cotocoto
ならまちテラス食堂  蜜や,〒630-8362 奈良県奈良市東寺林町5,飲食店,080-3798-5558,-
ゴールデンラビットビール,〒630-8362 奈良県奈良市東寺林町30,飲食店,0742-77-0944,https://www.goldenrabbitbeer.com/
粟ならまち店,〒630-8363 奈良県奈良市勝南院町1番,飲食店,0742-24-5699,https://www.kiyosumi.jp/naramachiten
江戸川ならまち店,〒630-8365 奈良県奈良市下御門町43番地,飲食店,0742-20-4400,https://kintetsu-rs.com/brand/
Jazz spot Gentry,〒630-8365 奈良県奈良市下御門町38,飲食店,0742-26-2622,https://www.instagram.com/jazzpubgentry/
京小づち,〒630-8365 奈良県奈良市下御門町21,飲食店,0742-22-1440,-
しもみかど  水乃江,〒630-8365 奈良県奈良市下御門町35,飲食店,0742-27-0078,-
天婦羅  天仁,〒630-8365 奈良県奈良市下御門町35,飲食店,0742-26-3770,-
福寿司,〒630-8365 奈良県奈良市下御門町38御門ビル1F,飲食店,0742-26-5677,-
ワインバー  セヴ,〒630-8372 奈良県奈良市西寺林町19-1,飲食店,0742-25-2233,-
なら泉勇斎,〒630-8372 奈良県奈良市西寺林町22,飲食店,0742-26-6078,http://www.naraizumi.jp
和彩Rest紅絲,〒630-8372 奈良県奈良市西寺林町23-2-1F,飲食店,0742-26-0617,-
Cherry's spoon,〒630-8372 奈良県奈良市西寺林町26番地,飲食店,0742-24-7636,-
Bar Fiddich,〒630-8373 奈良県奈良市南市町4番地植畑ビル2階,飲食店,0742-22-5250,-
京家,〒630-8373 奈良県奈良市南市町27,飲食店,0742-23-1520,-
焼肉  絆,〒630-8373 奈良県奈良市南市町4番地植畑ビル1F,飲食店,0742-22-1129,http://yakiniku-kizuna.com
柿の葉ずし総本家平宗 奈良店 本館,〒630-8374 奈良県奈良市今御門町30-1,飲食店,0742-22-0866,http://www.hiraso.jp/store/
割烹つるや,〒630-8374 奈良県奈良市今御門町26-2つるや,飲食店,0742-22-5588,-
肉懐石冨久傳,〒630-8381 奈良県奈良市福智院町31,飲食店,0742-25-2910,-
水乃江,〒630-8381 奈良県奈良市福智院町2-1,飲食店,0742-27-3025,-
TERRACE,〒630-8382 奈良県奈良市公納堂町10,飲食店,0742-93-4405,https://terrace-naramachi.com/
Bubble tea shop T.,〒630-8382 奈良県奈良市公納堂町12ならまち工房Ⅲ  8号室,飲食店,0742-42-6343,https://www.tdot.jp/
のこのこ,〒630-8382 奈良県奈良市公納堂町24,飲食店,0742-24-7167,-
o・mo・ya奈良町店,〒630-8382 奈良県奈良市公納堂町11,飲食店,0742-21-7500,http://www.secondhouse.co.jp/omoya/omo3.html
囲炉裏ダイニングたなか,〒630-8391 奈良県奈良市鵲町6-11,飲食店,0742-23-0541,-
パルコ,〒630-8393 奈良県奈良市鶴福院町1-1,飲食店,0742-26-8885,-
ワンカルビ神殿店,〒630-8441 奈良県奈良市神殿町710,飲食店,0742-62-1129,http://www.1dining.co.jp/
和食さと  奈良神殿店,〒630-8441 奈良県奈良市神殿町667-1,飲食店,0742-63-2297,-
たべものやちきん,〒630-8441 奈良県奈良市神殿町577-5,飲食店,0742-62-8635,http://chikinkun.exblog.jp/
カレーハウスCoCo壱番屋  奈良神殿店,〒630-8441 奈良県奈良市神殿町６３０－４,飲食店,0742-64-7811,-
まるかつ,〒630-8441 奈良県奈良市神殿町667-1まるかつ,飲食店,0742-81-4568,https://marukatsu912.com
すき家  奈良神殿店,〒630-8441 奈良県奈良市神殿町548,飲食店,0120-498-007,-
やよい,〒630-8451 奈良県奈良市北之庄町11-2,飲食店,0742-62-4513,-
かに道楽  奈良本店,〒630-8453 奈良県奈良市西九条町5-2-9,飲食店,0120-632-532,https://douraku.co.jp/kansai/narahonten/
マクドナルド奈良からもも店,〒630-8454 奈良県奈良市杏町152-1,飲食店,0742-63-3094,https://map.mcdonalds.co.jp/map/29008
カフェ ラ・ポーズＭＥＤ,〒630-8581 奈良県奈良市七条西町2丁目897－5奈良県総合医療センター１Ｆ,飲食店,0742-81-3972,http://www.tokokuro.jp/topics/2018/_med7th_medopen.html
居間焼肉  百欒  登美ケ丘店,〒631-0003 奈良県奈良市中登美ケ丘6-7-31,飲食店,0742-51-1515,-
大起水産回転寿司奈良学園前店,〒631-0003 奈良県奈良市中登美ヶ丘6-7-7ナコープラザ内,飲食店,0742-52-1010,-
むさしの森珈琲 奈良中登美ケ丘,〒631-0003 奈良県奈良市中登美ヶ丘６丁目１５－１２,飲食店,0742-53-5060,-
ステーキハウス壹番（いちばん）,〒631-0004 奈良県奈良市登美ケ丘5丁目2-7,飲食店,0742-48-8100,http://www.steak-ichiban.com
板前焼肉一,〒631-0004 奈良県奈良市登美ヶ丘2-3-13,飲食店,0742-53-2911,http://itamae-yakiniku.com/_hajime/
一歩堂  登美ヶ丘店,〒631-0004 奈良県奈良市登美ケ丘5-1-2,飲食店,0742-47-8008,-
アジアンテラス  Chua'n,〒631-0004 奈良県奈良市登美ケ丘3丁目2-10コスモビル1階,飲食店,0742-55-0192,http://chuan.asia/
焼き鳥ばる  Monday,〒631-0004 奈良県奈良市登美ヶ丘3丁目12-7エレガンス登美ヶ丘1F,飲食店,070-8325-0853,-
炭火焼肉とみや登美ヶ丘店,〒631-0006 奈良県奈良市西登美ケ丘1-4-15,飲食店,0742-44-2909,-
割烹  川清,〒631-0006 奈良県奈良市三碓町2250-3,飲食店,0742-44-2625,http://www.katupho-kawasei.co
ラ・フランボワーズ,〒631-0007 奈良県奈良市松陽台3-4-8,飲食店,0742-40-3667,https://r.gnavi.co.jp/k504600/
すき家  橿原店,〒631-0007 奈良県橿原市葛本町東笠706,飲食店,0120-498-007,-
にぎり長次郎押熊店,〒631-0011 奈良県奈良市押熊町2144-3,飲食店,0742-93-3711,http://chojiro.jp/shop/shop.php?id=50
テーブルオーダーバイキング 焼肉 王道  押熊店,〒631-0011 奈良県奈良市押熊町2269-250,飲食店,0742-53-8929,-
天下一品 押熊店,〒631-0011 奈良県奈良市押熊町１１３０－４新田ビル１Ｆ,飲食店,0742-45-1222,-
河童ラーメン  押熊店,〒631-0011 奈良県奈良市押熊町2145-4,飲食店,074-251-5545,http://kappa-hompo.co.jp/
餃子の王将押熊店,〒631-0011 奈良県奈良市押熊町1501-1,飲食店,0742-52-3045,-
ワンカルビ押熊店,〒631-0011 奈良県奈良市押熊町1453-2,飲食店,0742-49-1129,http://www.1dining.co.jp/
ビッグボーイ 奈良平城,〒631-0011 奈良県奈良市押熊町947,飲食店,0742-43-2922,https://www.bigboyjapan.co.jp/
中華料理  福吉,〒631-0011 奈良県奈良市押熊町1051-2ナラヤマエステートビル1F,飲食店,0742-47-6688,-
サーティーワンアイスクリーム  奈良押熊店,〒631-0011 奈良県奈良市押熊町1102-1,飲食店,0742-51-7731,https://www.31ice.co.jp/
しゃぶ葉 奈良押熊,〒631-0011 奈良県奈良市押熊町７７９－１８,飲食店,0742-40-2154,-
元喜神  押熊店,〒631-0011 奈良県奈良市押熊町1556-1,飲食店,0742-41-7021,-
創作ダイニング楽,〒631-0012 奈良県奈良市中山町1546-5レインボーマンション中山1Ｆ,飲食店,0742-47-1147,-
レストランPAO  押熊店,〒631-0012 奈良県奈良市中山町1429-1,飲食店,0742-44-2346,-
ちょい呑み まんまや,〒631-0013 奈良県奈良市中山町西４丁目535-489コーポ学園前306,飲食店,080-4021-0142,http://manma-ya.com/
タンしゃぶ鍋と焼肉の店  こいずみ,〒631-0021 奈良県奈良市鶴舞東町２－２５岡田ビル１Ｆ,飲食店,0742-41-2989,-
百楽荘,〒631-0024 奈良県奈良市百楽園3-1-3,飲食店,0742-45-0281,https://kintetsu-rs.com/brand/
ラテラス  イリゼ,〒631-0032 奈良県奈良市あやめ池北1丁目34-7HANA,飲食店,0742-40-0066,https://laterrasse.jp/irisee/
パティスリー ラ・テラス あやめ池店,〒631-0032 奈良県奈良市あやめ池北1丁目34-7HANA,飲食店,0742-40-0067,http://dlight.jp/brand/cafe/#patiseserelatrrse
あやめ館,〒631-0032 奈良県奈良市あやめ池北1-34-17,飲食店,0742-45-0185,https://kintetsu-rs.com/brand/brand_categ/brandca__ayamekan/
酒香菜や,〒631-0033 奈良県奈良市あやめ池南２－１－３５,飲食店,0742-44-1000,-
食道園  パラディ学園前店,〒631-0036 奈良県奈良市学園北1-9-1パラディ南館4Ｆ,飲食店,0742-48-5559,http://www.syokudoen.co.jp
ミスタードーナツ学園前店,〒631-0036 奈良県奈良市学園北1-1-1-101,飲食店,0742-43-4807,-
うまいもんや味楽座学園前店,〒631-0036 奈良県奈良市学園北1-1-1ルシエル学園前2F,飲食店,0742-52-1758,https://kintetsu-rs.com/brand/
麺ざんまい学園前店,〒631-0036 奈良県奈良市学園北1-1-1ル・シエル学園前2F,飲食店,0742-52-1763,https://kintetsu-rs.com/brand/
銀座四川学園前駅ビル店,〒631-0036 奈良県奈良市学園北1-1-1  ル・シエル学園前2F,飲食店,0742-52-7738,https://kintetsu-rs.com/brand/
地鶏炭火焼  鶏扱説明所  学園前店,〒631-0036 奈良県奈良市学園北１－１－１２和幸ビル１階,飲食店,0742-51-8789,https://hitosara.com/0006071439/
広島焼  雪風,〒631-0036 奈良県奈良市学園北2丁目1-6セブンスターマンション1F,飲食店,0742-44-7878,https://yukikaze11.gorp.jp/
鳥鳥  学園前店,〒631-0036 奈良県奈良市学園北2-5-9,飲食店,0742-44-2535,-
食道園  奈良学園前店,〒631-0041 奈良県奈良市学園大和町2-124,飲食店,0742-46-7855,http://www.syokudoen.co.jp
かごの屋  学園前店,〒631-0041 奈良県奈良市学園大和町2-235-1,飲食店,0742-47-1300,https://kagonoya.food-kr.com/shop/
木曽路学園前店,〒631-0041 奈良県奈良市学園大和町2丁目125-1,飲食店,0742-44-3933,https://www.kisoji.co.jp/kisoji/navi/shop_detail.asp?ShopNo=623
ヴァンティミリア,〒631-0041 奈良県奈良市学園大和町２丁目52大和スーパーマンション1Ｆ－Ｄ,飲食店,0742-43-3773,-
あさひYa！カフェ,〒631-0041 奈良県奈良市学園大和町1-1442-7,飲食店,0742-44-2229,https://m.facebook.com/8asahiya8cafe8/
ガスト 奈良藤ノ木台,〒631-0044 奈良県奈良市藤ノ木台１丁目１－２３,飲食店,0742-53-0275,-
カレーハウスCoCo壱番屋  奈良藤ノ木台店,〒631-0044 奈良県奈良市藤ノ木台一丁目１－２５,飲食店,0742-52-9002,-
大阪王将 奈良学園前店,〒631-0052 奈良県奈良市中町1-96,飲食店,0742-53-7510,-
あずさ珈琲  学園前店,〒631-0052 奈良県奈良市中町1-78,飲食店,070-2448-7752,https://kagonoya.food-kr.com/shop/
コメダ珈琲店奈良中町店,〒631-0052 奈良県奈良市中町２５９５－２,飲食店,0742-51-2777,https://www.komeda.co.jp/search/shopdetail.php?id=502
ワンカルビ学園前店,〒631-0052 奈良県奈良市中町879-1,飲食店,0742-47-4129,http://www.1dining.co.jp/
サーティーワンアイスクリーム  学園前RS店,〒631-0052 奈良県奈良市中町1-78-7,飲食店,0742-51-3431,https://www.31ice.co.jp/
薬膳カフェ  花美津姫,〒631-0052 奈良県奈良市中町3879霊山寺内,飲食店,0742-48-3077,https://www.hotpepper.jp/strJ001251165/
お好み焼・鉄板焼  きん太  奈良学園前店,〒631-0052 奈良県奈良市中町1-78,飲食店,0742-53-8866,-
とんかつかつ喜  奈良学園前店,〒631-0052 奈良県奈良市中町1-78,飲食店,0742-40-2731,http://www.kiraku-g.co.jp/
お好み焼はここやねん  イオンタウン富雄南店,〒631-0054 奈良県奈良市石木町１００－１,飲食店,0742-48-2100,https://www.cocoyanen.jp/shop_detail?id=tomio
かつ満  イオンタウン富雄南,〒631-0054 奈良県奈良市石木町100-1イオンタウン富雄南,飲食店,0742-49-8550,http://www.fujiofood.com/
オランダ屋富雄店,〒631-0054 奈良県奈良市石木町631-1,飲食店,0742-31-3644,https://www.fujieda-coffee.co.jp/cafe-tomio.html
なべや焼肉店,〒631-0061 奈良県奈良市三碓町2250-5,飲食店,0742-95-5898,-
来来軒,〒631-0061 奈良県奈良市三碓2丁目1-1リコービル,飲食店,0742-48-8929,-
ROKUMEI COFFEE CO.TOMIO ROASTERY,〒631-0061 奈良県奈良市三碓7-29-1,飲食店,0742-93-4433,https://rokumei.coffee
すき家  奈良富雄店,〒631-0061 奈良県奈良市三碓7-1-23,飲食店,0120-498-007,-
一休東生駒店,〒631-0062 奈良県生駒市東菜畑１－２９８－１YD３番館１０５,飲食店,0743-75-4945,http://ikkyu19@kcn.ne.jp
デリカテッセンイーハトーヴSora,〒631-0064 奈良県奈良市帝塚山南4丁目１１－１４,飲食店,0742-95-6655,-
みやけ  旧鴻池邸表屋,〒631-0065 奈良県奈良市鳥見町1-5-1,飲食店,0742-51-3008,http://www.miyake-flagship.jp/
飛天誠華,〒631-0065 奈良県奈良市鳥見町1-1-4広徳マンション,飲食店,0742-93-5877,-
リストランテ  ラ・カーサミーア,〒631-0071 奈良県奈良市二名平野1-1699-1,飲食店,0742-87-1037,http://lacasamia.net
飛鳥カンツリー倶楽部レストラン,〒631-0072 奈良県奈良市二名7丁目1441番地飛鳥カンツリー倶楽部内,飲食店,0742-44-0301,https://kintetsu-rs.com/brand/brand_categ/brandca__golf/
かっぱ寿司  奈良二名店,〒631-0072 奈良県奈良市二名3-1061,飲食店,0742-53-9680,https://www.kappasushi.jp
梅の花  奈良店,〒631-0072 奈良県奈良市二名1－2378,飲食店,0742-53-5501,https://www.umenohana.co.jp/
肉匠迎賓館  富雄店,〒631-0074 奈良県奈良市三松４丁目879-1,飲食店,0742-52-4129,http://www.yakinikugeihinkan.com
焼肉工房わらく,〒631-0076 奈良県奈良市富雄北１丁目３―１１,飲食店,0742-44-2941,-
居酒家  そう吾,〒631-0078 奈良県奈良市富雄元町2丁目5−20トミオプラザ,飲食店,0742-47-0851,https://izakaya-sougo.info/
炭火ITALIAN WINE BAR 元町NEWS  ,〒631-0078 奈良県奈良市富雄元町2-3-12ライフコート102,飲食店,0742-93-8599,https://www.hotpepper.jp/strJ001225429/
和  あすか,〒631-0078 奈良県奈良市富雄元町4-3-15-2,飲食店,0742-41-8282,-
桃花源,〒631-0078 奈良県奈良市富雄元町1-24-24,飲食店,0742-41-3210,-
餃子の王将富雄店,〒631-0078 奈良県奈良市富雄元町2-6-47,飲食店,0742-51-3951,-
のみくいや楽鳥,〒631-0078 奈良県奈良市富雄元町3-3-12-102,飲食店,070-5340-6393,https://rakuchou.owst.jp/
和  だいにんぐ  YUBA,〒631-0078 奈良県奈良市富雄元町2丁目6-47ライオンズ北棟2F,飲食店,0742-45-7300,-
フレンチ居酒屋えとね,〒631-0078 奈良県奈良市富雄元町2-5-25明光富雄ビル102,飲食店,0742-41-0189,https://etonner-nara.info/
やきとり一番富雄駅前店,〒631-0078 奈良県奈良市富雄元町2-4-5マンション木村,飲食店,0742-44-3994,-
焼鳥  福籠,〒631-0078 奈良県奈良市富雄元町2-6-47ライオンズプラザ富雄北棟2F,飲食店,0742-47-9889,-
鳥貴族  富雄店,〒631-0078 奈良県奈良市富雄元町1-24-24トミオコートB1,飲食店,0742-81-4222,https://torikizoku.co.jp/store/l/-/yuan-/504
すし処  鮨田,〒631-0078 奈良県奈良市富雄元町2-5-25明光富雄ビル１０３,飲食店,0742-47-6054,-
たこどうらく,〒631-0078 奈良県奈良市富雄元町２丁目1ー12ー102細川ビル,飲食店,090-1964-9573,-
Green Garden,〒631-0078 奈良県奈良市富雄元町3-1-19辻内マンション1F-D,飲食店,0742-41-7767,-
テバス東生駒店,〒631-0252 奈良県生駒市山崎町4-5NDAビル１F,飲食店,0743-61-5234,-
小樽食堂  奈良西大寺店,〒631-0803 奈良県奈良市山陵町162-1,飲食店,0742-34-1050,https://r.gnavi.co.jp/k905100/
ベビーフェイス押熊店,〒631-0804 奈良県奈良市神功5-1-2,飲食店,0742-71-7585,-
うなぎの川はら  押熊店,〒631-0804 奈良県奈良市神功5-2-1,飲食店,0742-93-4090,http://unagino-kawahara.com/
ステーキ  雪峰,〒631-0804 奈良県奈良市神功３丁目１－６,飲食店,0742-72-2941,https://r.gnavi.co.jp/c857000/
株式会社  アルペンローゼ,〒631-0804 奈良県奈良市神功４丁目6-6,飲食料品店,0742-72-4183,-
ミスタードーナツ高の原店,〒631-0805 奈良県奈良市右京1-3-4,飲食店,0742-70-2077,-
得得  高の原サンタウン店,〒631-0805 奈良県奈良市右京1-3-4  サンタウンプラザスズラン館1Ｆ,飲食店,0742-72-2212,-
焼肉工房じゅじゅ,〒631-0805 奈良県奈良市右京1丁目3-1平城第二団地5-101,飲食店,0742-71-2941,-
テバス高の原店,〒631-0805 奈良県奈良市右京１-４サンタウンプラザひまわり館１F,飲食店,0742-70-5170,-
goodspoon 高の原テラス店,〒631-0805 奈良県奈良市右京1-5-1,飲食店,0742-70-0021,-
高の原ばーるKaeru Kouen,〒631-0805 奈良県奈良市右京1丁目3番地の1平城第二ショッピングセンター  3-101,飲食店,0742-42-6034,https://instagram.com/kaerukouen
来来亭秋篠店,〒631-0811 奈良県奈良市秋篠町1424-3,飲食店,0742-47-0023,-
奈良秋篠食堂,〒631-0811 奈良県奈良市秋篠町1425-1,飲食店,0742-52-8018,http://www.fujiofood.com/
隠れ家  志希,〒631-0816 奈良県奈良市西大寺本町1の11,飲食店,0742-32-3288,-
魚源,〒631-0816 奈良県奈良市西大寺本町2-24,飲食店,0742-33-7851,-
焼肉工房もく  ,〒631-0817 奈良県奈良市西大寺北町1－4－20－1F宮木ビル,飲食店,0742-51-5529,https://www.yakinikumoku.com/
ＰａｒｕｍＣａｆｅ,〒631-0821 奈良県奈良市西大寺東町２－１－６３サンワシティ西大寺ビルＢ１,飲食店,0742-36-3555,http://www.parum-cafe.com
カプリチョーザ  ならファミリー店,〒631-0821 奈良県奈良市西大寺東町２－４－１ならファミリー６階,飲食店,0742-33-6963,http://capricciosa.com/
たんとと和くら  ならファミリー店,〒631-0821 奈良県奈良市西大寺東町2-4-1 ならファミリー6Ｆ,飲食店,0742-93-7177,-
ビストロ酒場ASUROKU西大寺店,〒631-0821 奈良県奈良市西大寺東町二丁目1-63サンワシティ西大寺  地下1階,飲食店,0742-81-9774,http://www.iconet.co.jp/shop/brand/11.html
そじ坊  西大寺ならファミリー店,〒631-0821 奈良県奈良市西大寺東町2-4-1奈良ファミリーB1F,飲食店,0742-34-5599,-
鮨・酒・肴  杉玉  大和西大寺,〒631-0821 奈良県奈良市西大寺東町2丁目1番63号サンワシティ西大寺 B1階 ,飲食店,0742-30-1112,-
鶴橋風月  西大寺店,〒631-0821 奈良県奈良市西大寺東町2-4-1奈良ファミリー6F,飲食店,0742-35-5710,https://fugetsu.jp/
マクドナルドならファミリー店,〒631-0821 奈良県奈良市西大寺東町2丁目4-1ならファミリー,飲食店,0742-81-7778,https://map.mcdonalds.co.jp/map/29558
桃谷樓 西大寺ならファミリー店,〒631-0821 奈良県奈良市西大寺東町2－4－1ならファミリー６F,飲食店,0742-36-5646,https://www.tokokuro.jp/shop/saidaiji/index.html
築地海鮮飛賀屋ならファミリー店,〒631-0821 奈良県奈良市西大寺東町2-4-1ならファミリー6階,飲食店,0742-93-9375,-
李朝園  奈良ファミリー店,〒631-0821 奈良県奈良市西大寺東町2-4-1奈良ファミリー６F,飲食料品店,0742-34-1118,-
かつ満  ならファミリー,〒631-0821 奈良県奈良市西大寺東町２丁目４-１ならファミリー６Ｆ,飲食店,0742-34-3990,http://www.fujiofood.com/
さち福や  ならファミリー,〒631-0821 奈良県奈良市西大寺東町２丁目４－１ならファミリー６Ｆ,飲食店,0742-34-4122,http://www.fujiofood.com/
バケット奈良ファミリー店,〒631-0821 奈良県奈良市西大寺東町2-4-1奈良ファミリー  6F,飲食店,0742-32-0309,https://www.saint-marc-hd.com/baqet
サーティワンアイスクリームならファミリー店,〒631-0821 奈良県奈良市西大寺東町２－４－１ならファミリーＢＦ,飲食料品店,0742-93-7431,-
西大寺バル,〒631-0822 奈良県奈良市西大寺栄町３－１０三和栄町ビル１Ｆ,飲食料品店,0742-55-0290,https://www.hotpepper.jp/strJ001046983/
小間蔵hana 大和西大寺店,〒631-0822 奈良県奈良市西大寺栄町三丁目12梅守ビル2階,飲食店,0742-81-3368,http://www.iconet.co.jp/shop/brand/10.html
ごきげんえびす 大和西大寺店,〒631-0822 奈良県奈良市西大寺栄町三丁目12梅守ビル1階,飲食店,0742-93-3348,http://www.iconet.co.jp/shop/brand/12.html
地鶏炭火焼  鶏扱説明所  西大寺店,〒631-0822 奈良県奈良市西大寺栄町２ー１２新奥田ビル１階,飲食店,0742-33-9989,https://hitosara.com/0006030751/
パオルーツ,〒631-0822 奈良県奈良市西大寺栄町3-12,飲食店,0742-35-0085,http://www.paoroots.com/
鳥貴族 近鉄西大寺店,〒631-0822 奈良県奈良市西大寺栄町3-12梅守第一ビル3階,飲食店,0742-93-8552,-
おでん屋かく田,〒631-0822 奈良県奈良市西大寺栄町3-12サンワ栄町第二ビル,飲食料品店,0742-33-6626,-
くいもの屋わん大和西大寺店,〒631-0822 奈良県奈良市西大寺栄町３－１２梅守ビル４F,飲食店,0742-30-6660,https://wan-yamatosaidaiji.owst.jp
奈良スペイン料理 PicaPica,〒631-0823 奈良県奈良市西大寺国見町1-7-22,飲食店,0742-53-7530,https://worldheritage.co.jp/picapica/
くくる近鉄大和西大寺駅店,〒631-0823 奈良県奈良市西大寺国見町一丁目１－１大和西大寺駅,飲食料品店,0742-34-6606,https://www.shirohato.com/kukuru/doutonbori.html
風の家  近鉄大和西大寺駅店,〒631-0823 奈良県奈良市西大寺国見町一丁目１－１大和西大寺駅,飲食料品店,0742-34-3380,http://store.o-be.co.jp/concept/index.html
幡・INOUE近鉄大和西大寺駅店,〒631-0823 奈良県奈良市西大寺国見町一丁目１－１大和西大寺駅,飲食料品店,0742-36-7680,https://www.ban-inoue-shop.com/
うまいもんや味楽座西大寺店,〒631-0823 奈良県奈良市西大寺国見町1-2西大寺近鉄第2ビル1F,飲食店,0742-49-1351,https://kintetsu-rs.com/brand/
カフェ チャオプレッソ西大寺駅店,〒631-0823 奈良県奈良市西大寺国見町1丁目-1-1,飲食店,0742-33-7122,https://ciaopresso.com/
すき家  宝来店,〒631-0842 奈良県奈良市菅原町556-1,飲食店,0120-498-007,-
+FINO HOME CAFE,〒631-0844 奈良県奈良市宝来町928-1奈良宝来ビル4F,飲食店,0742-53-6822,-
マクドナルド阪奈宝来店,〒631-0845 奈良県奈良市宝来4-17-3,飲食店,0742-49-2260,https://map.mcdonalds.co.jp/map/29005
奈良パークホテル,〒631-0845 奈良県奈良市宝来4丁目18番1号,飲食店,0742-44-5255,-
ダイニング割烹にし田,〒631-0845 奈良県奈良市宝来2-9-4,飲食店,0742-41-4624,-
粋麺・おばんざい  あみ乃や近鉄奈良駅前店,〒631-8215 奈良県奈良市東向中町6奈良経済倶楽部ビル1F,飲食店,0742-81-3074,https://kintetsu-rs.com/brand/
近鉄百貨店奈良店  はんなりかふぇ憩和井,〒631-8511 奈良県奈良市西大寺東町2-4-1近鉄百貨店奈良店,飲食店,0742-33-1111,https://www.d-kintetsu.co.jp
近鉄百貨店奈良店  アンテノール（喫茶のみ）,〒631-8511 奈良県奈良市西大寺東町2-4-1近鉄百貨店奈良店,飲食店,0742-33-1111,https://www.d-kintetsu.co.jp
近鉄百貨店奈良店  福壽館（イートインのみ）,〒631-8511 奈良県奈良市西大寺東町2-4-1近鉄百貨店奈良店,飲食店,0742-33-1111,https://www.d-kintetsu.co.jp
近鉄百貨店奈良店  たこ焼き  くくる,〒631-8511 奈良県奈良市西大寺東町2-4-1近鉄百貨店奈良店,飲食店,0742-33-1111,https://www.d-kintetsu.co.jp
近鉄百貨店奈良店  パスタ＆ピッツァ  バジリコ,〒631-8511 奈良県奈良市西大寺東町2-4-1近鉄百貨店奈良店,飲食店,0742-33-1111,https://www.d-kintetsu.co.jp
近鉄百貨店奈良店  石窯ベーカリー  ブロットン（喫茶のみ）,〒631-8511 奈良県奈良市西大寺東町2-4-1近鉄百貨店奈良店,飲食店,0742-33-1111,https://www.d-kintetsu.co.jp
近鉄百貨店奈良店  タリーズコーヒー,〒631-8511 奈良県奈良市西大寺東町2-4-1近鉄百貨店奈良店,飲食店,0742-33-1111,https://www.d-kintetsu.co.jp
近鉄百貨店奈良店  オランジェカフェ,〒631-8511 奈良県奈良市西大寺東町2-4-1近鉄百貨店奈良店,飲食店,0742-33-1111,https://www.d-kintetsu.co.jp
餃子の王将天理インター店,〒632-0004 奈良県天理市櫟本町2263-1,飲食店,0743-65-0588,-
おしどり天理インター店,〒632-0004 奈良県天理市櫟本町2261-1-2,飲食店,0743-65-3530,-
ガスト 天理インター,〒632-0011 奈良県天理市石上町５０４,飲食店,0743-68-4030,-
うなぎのみしまや,〒632-0015 奈良県天理市三島町120,飲食店,0743-62-0902,-
や台ずし  天理駅前町,〒632-0016 奈良県天理市川原城町801辻村ビル1F,飲食店,0743-63-5560,http://yossix.co.jp/
Park Side Kitchen,〒632-0016 奈良県天理市川原城町803天理駅前広場,飲食店,0743-69-5770,https://parkside-kitchen.com/
食の発信地  東大門,〒632-0016 奈良県天理市川原城町698-1天理駅前第二ビル二階,飲食店,0743-69-4661,-
オステリア  マンジャベーネ  ,〒632-0016 奈良県天理市川原城町730グレイスピア中西  201,飲食店,0743-62-7822,-
大和軒  本店,〒632-0016 奈良県天理市川原城町287番地,飲食店,0743-62-0810,http://honten.yamatoken.co.jp/
懐石料理  秋田屋,〒632-0016 奈良県天理市川原城町287番地,飲食店,0743-62-5655,http://akitaya.yamatoken.co.jp/
天理すぎ乃,〒632-0016 奈良県天理市川原城町229,飲食店,0743-63-1419,http://sugino-oden.com
あじ豚  りきいち,〒632-0016 奈良県天理市川原城町817,飲食店,0743-63-9410,http://sugino-oden.com
隠れ酒場,〒632-0016 奈良県天理市川原城町703ふじやビル1F,飲食店,0743-62-2394,-
ラ チェーロ,〒632-0016 奈良県天理市川原城町886古川ビル201,飲食店,0743-20-8751,-
更科,〒632-0016 奈良県天理市川原城町306,飲食店,0743-62-0014,-
陽ざし,〒632-0016 奈良県天理市川原城町835カサデルソル,飲食店,0743-63-1421,-
焼肉一番,〒632-0016 奈良県天理市川原城町836,飲食店,0743-63-1495,-
創作和食  和楽,〒632-0016 奈良県天理市川原城町301-6,飲食店,080-6123-6478,-
創作和食すず美,〒632-0016 奈良県天理市川原城町260,飲食店,0743-63-5789,-
牛肉BAL plot,〒632-0016 奈良県天理市川原城町267-1,飲食店,0743-85-6129,https://nikubal-plot.gorp.jp/
原価Bar TEMOTO,〒632-0016 奈良県天理市川原城町632,飲食店,0743-84-6955,https://peraichi.com/landing_pages/view/temoto
御紋焼本舗,〒632-0016 奈良県天理市川原城町680天理ビル1階,飲食店,0743-62-3364,-
BarH2,〒632-0016 奈良県天理市川原城町725岡田ビル1階,飲食店,0743-62-9988,-
カフェテラスオヅ,〒632-0016 奈良県天理市川原城町693,飲食店,0743-62-0228,-
餃子  たか寿み,〒632-0016 奈良県天理市川原城町724,飲食店,0743-63-4444,http://takasumi.com
居酒家喜蔵  天理店,〒632-0016 奈良県天理市川原城町691,飲食店,0743-85-6718,http://meibi-mt.co.jp/%E4%BA%8B%E6%A5%AD%E6%A1%88%E5%86%85/%E5%B1%85%E9%85%92%E5%AE%B6%E3%80%80%E5%96%9C%E8%94%B5/
ブロスーゴ,〒632-0016 奈良県天理市川原城町276-2シャトー  デュ  ボヌール,飲食店,0743-85-5911,-
ダイニングキッチン和心,〒632-0017 奈良県天理市田部町528-2,飲食店,0743-63-5704,-
ステーキの店  あげいん,〒632-0017 奈良県天理市田部町151,飲食店,0743-63-2908,-
カフェ  ブリックス  ,〒632-0018 奈良県天理市別所町３１９－４,飲食店,0743-63-3278,http://cafebricks.net
得得  天理別所店,〒632-0018 奈良県天理市別所町12-2,飲食店,0743-63-4651,-
マクドナルド169天理店,〒632-0018 奈良県天理市別所町131-1,飲食店,0743-69-6680,https://map.mcdonalds.co.jp/map/29540
ルレーヴ,〒632-0032 奈良県天理市杣之内町１２３,飲食店,0743-63-6922,http://lereve-t.com/
農家Café けやき,〒632-0032 奈良県天理市杣之内町123-1 農家cafeけやき,飲食店,090-3485-0709,-
肉匠迎賓館,〒632-0033 奈良県天理市勾田町115-1,飲食店,0743-63-0029,http://www.yakinikugeihinkan.com
すき家  169号天理店,〒632-0033 奈良県天理市勾田町82-1,飲食店,0120-498-007,-
さかい珈琲  天理店,〒632-0035 奈良県天理市守目堂町１０６－２,飲食店,0743-85-6880,http://www.sakaicoffee.jp/store/tenri/
大和郷  旬菜  千秋,〒632-0046 奈良県天理市三昧田町345-3,飲食店,0743-25-7783,https://sensyuu.info/
田楽天理店,〒632-0046 奈良県天理市三昧田町１５０－１,飲食店,0743-67-1415,http://taraku-nara.com/tenri-top/
和食さと  天理店,〒632-0046 奈良県天理市三昧田町17-1,飲食店,07436-7-1600,-
マクドナルド天理ダイキ店,〒632-0046 奈良県天理市三昧田町17-1DCMダイキ,飲食店,0743-67-7131,https://map.mcdonalds.co.jp/map/29539
ピクトン,〒632-0052 奈良県天理市柳本町１３０６番地１,飲食店,0743-68-5517,-
洋食Katsui 山の辺の道,〒632-0052 奈良県天理市柳本町577-1天理市トレイルセンター内,飲食店,0743-67-3838,-
Tea House KURINOKI,〒632-0052 奈良県天理市柳本町590,飲食店,0743-20-5775,-
大和まほろば,〒632-0053 奈良県天理市渋谷町399-1,飲食店,0743-67-1362,-
nitoto,〒632-0063 奈良県天理市西長柄町87,飲食店,0743-67-2388,-
ビッグボーイ 天理,〒632-0071 奈良県天理市田井庄町471-1,飲食店,0743-68-2135,https://www.bigboyjapan.co.jp/
気まぐれ家,〒632-0071 奈良県天理市田井庄町713気まぐれ家,飲食店,090-3614-5383,-
鶴寿司,〒632-0072 奈良県天理市富堂町305-7,飲食店,0743-63-2248,-
喫茶チムニー,〒632-0073 奈良県天理市田町423-8,飲食店,0743-62-4358,-
サーティーワンアイスクリーム  イオン天理店,〒632-0074 奈良県天理市東井戸堂町381,飲食店,0743-62-8131,https://www.31ice.co.jp/
花惣天理店,〒632-0076 奈良県天理市岩室町８８－１,飲食店,0743-61-3087,http://www.hanasou.jp/
コメダ珈琲店天理岩室店,〒632-0076 奈良県天理市岩室町８８－１,飲食店,0743-62-1212,https://www.komeda.co.jp/search/shopdetail.php?id=408
喃風  天理店,〒632-0076 奈良県天理市岩室町73－1アクロスプラザ内,飲食店,0743-63-9123,-
天理岩室食堂,〒632-0076 奈良県天理市岩室町73-1アクロスプラザ天理,飲食店,0743-69-5110,http://www.fujiofood.com/
ガスト 天理,〒632-0081 奈良県天理市二階堂上ノ庄町１６７－１,飲食店,0743-64-6620,-
地鶏やきとり  おしどり。天理本店,〒632-0081 奈良県天理市二階堂上ノ庄町343-3,飲食店,0743-64-5540,-
餃子の王将天理荒蒔町店,〒632-0082 奈良県天理市荒蒔町359-3,飲食店,0743-64-5650,-
大阪王将  天理嘉幡店,〒632-0084 奈良県天理市嘉幡町 671,飲食店,0743-64-2240,-
来来亭天理アロー店,〒632-0084 奈良県天理市嘉幡町593-1来来亭天理アロー店,飲食店,0743-64-1338,-
河童ラーメン  天理店,〒632-0084 奈良県天理市嘉幡町548-8,飲食店,074-368-3131,http://kappa-hompo.co.jp/
ステーキガスト 天理嘉幡,〒632-0084 奈良県天理市嘉幡町６７７－５,飲食店,0743-68-3811,-
和  daining  暖,〒632-0084 奈良県天理市嘉幡町２２７－１,飲食店,080-4012-9677,-
奈良健康ランド・奈良プラザホテル,〒632-0084 奈良県天理市嘉幡町600-1,飲食店,0743-64-1126,https://naraplazahotel.net/
大地のぶた天理店,〒632-0084 奈良県天理市嘉幡町671大地のぶた天理店,飲食料品店,0743-64-6508,-
カレーハウスCoCo壱番屋 天理嘉幡店,〒632-0084 奈良県天理市嘉幡町408-3,飲食店,0743-64-2611,-
すき家  24号天理嘉幡店,〒632-0084 奈良県天理市嘉幡町590-1,飲食店,0120-498-007,-
あきひろ亭,〒632-0094 奈良県天理市前栽町47番地1,飲食店,0743-62-3188,-
一久,〒632-0221 奈良県奈良市都祁白石町567,飲食店,0743-82-1933,-
大和高原ボスコヴィラ,〒632-0251 奈良県奈良市針町３９１８,旅館・ホテル,0743-82-5556,-
つるまる  奈良針テラス,〒632-0251 奈良県奈良市針町345サウスリリィ 1F,飲食店,0743-82-5666,http://www.fujiofood.com/
奈良針テラス食堂,〒632-0251 奈良県奈良市針町345サウスリリィ 1F,飲食店,0743-82-5551,http://www.fujiofood.com/
天理スタミナラーメン  針テラス店,〒632-0251 奈良県奈良市針町346,飲食店,0743-82-5959,-
白玉屋榮壽  茶寮,〒633-0001 奈良県桜井市三輪６６０－１,飲食店,0744-43-3668,https://www.begin.or.jp/~mimuro/
とろろめし  山和,〒633-0001 奈良県桜井市三輪  ６４８－３,飲食店,0744-42-1066,-
福神堂,〒633-0001 奈良県桜井市三輪1237番地の1,飲食店,0744-42-6444,-
すき家  169号桜井三輪店,〒633-0001 奈良県桜井市三輪114-4,飲食店,0120-498-007,-
飛鳥彩瑠璃の丘天極堂テラス,〒633-0045 奈良県桜井市山田692,飲食店,0744-46-5566,-
ココス桜井店,〒633-0053 奈良県桜井市谷２４９－１,飲食店,0744-44-2556,https://www.f-star.co.jp/
マクドナルド165桜井店,〒633-0054 奈良県桜井市阿部425-1,飲食店,0744-44-1190,https://map.mcdonalds.co.jp/map/29545
ガスト 奈良桜井,〒633-0054 奈良県桜井市大字阿部４２９－１,飲食店,0744-44-2002,-
奈良桜井食堂,〒633-0054 奈良県桜井市阿部528-5,飲食店,0744-49-2233,http://www.fujiofood.com/
ミスタードーナツイオン桜井店,〒633-0061 奈良県桜井市上之庄278-1,飲食店,0744-44-1605,-
焼肉 晋州亭,〒633-0061 奈良県桜井市上之庄839-1,飲食店,0744-42-0578,-
アリゼ洋菓子店,〒633-0061 奈良県桜井市上ノ庄214ル.グランリヴィエ-ル,飲食店,0744-46-0383,-
鶴丸饂飩本舗  桜井上ノ庄,〒633-0061 奈良県桜井市上之庄691-1,飲食店,0744-44-1515,http://www.fujiofood.com/
四六時中  桜井店,〒633-0061 奈良県桜井市上之庄278-1イオン桜井店１階,飲食店,0744-44-1266,-
四六時中,〒633-0061 奈良県桜井市上之庄  278-1イオン桜井店,飲食店,0744-44-1266,-
鶴橋風月  桜井店,〒633-0061 奈良県桜井市上之庄  278-1イオン桜井店,飲食店,0744-46-1888,-
フレンチレストランKIYAMURA（キヤムラ）,〒633-0062 奈良県桜井市粟殿475,飲食店,0744-41-6832,https://kiyamura.gorp.jp/
田舎酒茶屋 きらく,〒633-0062 奈良県桜井市粟殿1010-11,飲食店,0744-43-7500,-
焼肉  極味屋,〒633-0062 奈良県桜井市粟殿100-3,飲食店,0744-46-9493,-
株式会社  寿司政,〒633-0062 奈良県桜井市粟殿４７２番地,飲食店,0744-42-2484,http://www.susimasa.com
たのし家,〒633-0062 奈良県桜井市粟殿1026-2,飲食店,090-7102-5017,-
いづみ亭  桜井店,〒633-0062 奈良県桜井市大字粟殿475-5,飲食店,0744-46-0777,-
焼肉  桂司,〒633-0062 奈良県桜井市粟殿1026-2  103号,飲食店,080-8158-1002,https://tabelog.com/nara/A2904/A290402/29011660/
味一番,〒633-0063 奈良県桜井市川合195,飲食店,0744-46-1611,-
浜鮨,〒633-0063 奈良県桜井市川合257-5,飲食店,0744-45-2233,-
ビッグボーイ 桜井,〒633-0065 奈良県桜井市吉備557-1,飲食店,0744-43-2911,https://www.bigboyjapan.co.jp/
河童ラーメン  桜井店,〒633-0068 奈良県桜井市東新堂488-1,飲食店,0744-46-0255,http://kappa-hompo.co.jp/
餃子の王将奈良桜井店,〒633-0068 奈良県桜井市東新堂512-1,飲食店,0744-46-0201,-
かっぱ寿司  奈良桜井店,〒633-0068 奈良県桜井市東新堂486-1,飲食店,0744-42-2767,https://www.kappasushi.jp
サーティワンアイスクリーム  フレスポ桜井店,〒633-0068 奈良県桜井市東新堂516-1,飲食店,0744-43-7631,-
鳥貴族 桜井店,〒633-0068 奈良県桜井市東新堂488-1フレグランス桜井(ラムー桜井店複合施設内),飲食店,0744-47-2688,-
カレーハウスCoCo壱番屋  桜井東新堂店,〒633-0068 奈良県桜井市東新堂４８８番１,飲食店,0744-49-2551,-
三輪山本  お食事処,〒633-0072 奈良県桜井市箸中880,飲食店,0744-43-6661,https://www.miwayama.co.jp
お好み焼きドミング,〒633-0074 奈良県桜井市芝759-1番地,飲食店,0744-42-6530,-
三輪そうめん茶屋  千寿亭,〒633-0074 奈良県桜井市芝293,飲食店,0744-45-0626,https://www.ikeri.co.jp
Le fredonnement ～櫻町  吟～,〒633-0091 奈良県桜井市桜井９５１,飲食店,0744-49-0097,https://sakuramachi-gin.gorp.jp/
あほや奈良桜井駅前店,〒633-0091 奈良県桜井市桜井196-4太子ビル1F,飲食店,090-8239-3241,-
千宝,〒633-0091 奈良県桜井市桜井1259エルト桜井１F,飲食店,0744-45-0448,-
千鶏,〒633-0091 奈良県桜井市桜井1259エルト桜井１F,飲食店,0774-44-1106,-
酢屋長,〒633-0112 奈良県桜井市初瀬745-1,飲食店,0744-47-7121,-
やまとびとのこころ店,〒633-0112 奈良県桜井市初瀬830,飲食店,0744-55-2221,https://yamatobito.net
長谷きりん,〒633-0112 奈良県桜井市初瀬９１５,飲食店,0744-35-8028,https://www.hasekirin.com/
トマト＆オニオン奈良榛原店,〒633-0203 奈良県宇陀市榛原長峯１１－５,飲食店,0745-82-8419,https://www.tomato-a.co.jp/tomatoonion/store/kinki/narahaibara.html
一如庵,〒633-0217 奈良県宇陀市榛原自明1362,飲食店,0745-82-0053,-
たつ屋  榛原駅前店,〒633-0241 奈良県宇陀市下井足1933-19,飲食店,0745-82-8929,http://yakiniku-tatsuya.com/
マクドナルド榛原サンクシティ店,〒633-0241 奈良県宇陀市榛原下井足49-1榛原サンクシティ,飲食店,0745-85-2182,https://map.mcdonalds.co.jp/map/29508
旭亭,〒633-0241 奈良県宇陀市榛原下井足29,飲食店,0745-82-0564,https://r.gnavi.co.jp/k188800/
福寿館はいばら本店,〒633-0253 奈良県宇陀市榛原萩原２４４５,飲食料品店,0745-82-0101,-
うし源本店,〒633-0253 奈良県宇陀市榛原萩原2482,飲食店,0745-82-0017,http://ushigen.com/
町家盆栽Ｃａｆｅコトノハ,〒633-0253 奈良県宇陀市榛原萩原2664,飲食店,0745-85-2156,https://bonsaicafekotonoha.amebaownd.com/
Ｃafe more green,〒633-0253 奈良県宇陀市榛原萩原1928,飲食店,0745-86-1691,http://cafemoregreen.jimdo.com
みーちゃん寿し,〒633-0253 奈良県宇陀市榛原萩原2429番地の3,飲食店,0745-82-0165,-
橋本屋旅館,〒633-0421 奈良県宇陀市室生８００,旅館・ホテル,0745-93-2056,http://hashimotoya-uda.jp
椿寿荘,〒633-2156 奈良県宇陀市大宇陀本郷２６７,旅館・ホテル,0745-83-1303,http://www.chinjyusou.jp/
道の駅  宇陀路大宇陀,〒633-2164 奈良県宇陀市大宇陀拾生714-1,その他業種,0745-83-0051,-
お食事処あきの,〒633-2164 奈良県宇陀市大宇陀拾生250-2,飲食店,0745-96-9977,-
奈美秀照,〒633-2164 奈良県宇陀市大宇陀拾生2309番地,飲食店,090-2592-6154,https://namihide2309.wixsite.com/shojin
料理旅館  今阪屋,〒633-2175 奈良県宇陀市大宇陀中新１９７５番地,飲食店,0745-83-0062,https://imasakaya.com
あまご池高見山荘,〒633-2304 奈良県吉野郡東吉野村杉谷４５,飲食店,0746-44-0006,-
杉ヶ瀬,〒633-2421 奈良県吉野郡東吉野村小川443,旅館・ホテル,0746-42-0012,http://www.higashiyoshino.net
レストランあしびき,〒633-2422 奈良県吉野郡東吉野村鷲家111番地,飲食店,0746-42-0710,-
きのこの舘,〒633-2422 奈良県吉野郡東吉野村鷲家1636,飲食店,0746-42-0554,-
民宿ますもと,〒633-2423 奈良県吉野郡東吉野村小栗栖62-1,飲食店,0746-42-0145,-
やん茶庵,〒633-2424 奈良県吉野郡東吉野村中黒2,飲食店,0746-42-0180,-
ふるさと村  いちえ,〒633-2442 奈良県吉野郡東吉野村大豆生720-2,飲食店,0746-43-0655,-
四季の味  壷井,〒634-0003 奈良県橿原市常盤町600-1,飲食店,0744-24-9111,-
きんのぶた橿原葛本店,〒634-0003 奈良県橿原市常盤町437-1    ,飲食店,0744-25-0298,http://www.1dining.co.jp/
trio diner,〒634-0005 奈良県橿原市北八木町3-65-13,飲食店,0744-20-3313,https://tabelog.com/nara/A2903/A290302/29009752/
炭火焼きホルモン  こてつ,〒634-0005 奈良県橿原市北八木町3丁目1-21,飲食店,0744-41-9439,-
橋もとや  八木店,〒634-0005 奈良県橿原市北八木町1-5-2,飲食店,0744-22-8100,http://peraichi.com/landing_pages/view/hashimotoyanara
にぎり長次郎橿原店,〒634-0006 奈良県橿原市新賀町143-1,飲食店,0744-46-9622,http://chojiro.jp/shop/shop.php?id=51
かごの屋  奈良橿原店,〒634-0006 奈良県橿原市新賀町204-1,飲食店,0744-21-7122,https://kagonoya.food-kr.com/shop/
びっくりドンキー橿原店,〒634-0006 奈良県橿原市新賀町157-2,飲食店,0744-29-2237,https://www.bms-inc.co.jp/bms/franchise/shop.htm?L=BCSDetail&SF=1&ID=A70315491346
花惣八木店,〒634-0006 奈良県橿原市新賀町１８３－１,飲食店,0744-24-3087,http://www.hanasou.jp/
備長炭イタリアン創,〒634-0006 奈良県橿原市新賀町208-1  1階東側,飲食店,0744-25-4141,https://hitosara.com/0006140307/
モスバーガー八木新賀店,〒634-0006 奈良県橿原市新賀町141-2,飲食店,0744-24-6176,-
やきとりとし,〒634-0006 奈良県橿原市新賀町  445-4,飲食店,0744-29-1989,https://lin.ee/utatbSn
ケンタッキーフライドチキン橿原店,〒634-0006 奈良県橿原市新賀町132-2,飲食店,0744-26-2250,-
四季旬彩  畆村,〒634-0007 奈良県橿原市葛本町744-1,飲食店,0744-29-3338,-
イタリアンカフェ  アリオ,〒634-0007 奈良県橿原市葛本町808-1グリーンタウン北八木,飲食店,0744-48-0500,-
ステーキ宮  橿原店,〒634-0007 奈良県橿原市葛本町795-1,飲食店,0744-23-4751,-
サンマルク橿原店,〒634-0007 奈良県橿原市葛本町797-1,飲食店,0744-21-0309,-
あずさ珈琲  橿原店,〒634-0007 奈良県橿原市葛本町775-9,飲食店,090-3828-4221,https://kagonoya.food-kr.com/shop/
河童ラーメン  橿原店,〒634-0007 奈良県橿原市葛本町字不経堂201番1池原観光ビル1Ｆ,飲食店,074-429-0900,http://kappa-hompo.co.jp/
かつアンドかつ  橿原店,〒634-0007 奈良県橿原市葛本町836,飲食店,0744-20-1405,https://www.katsuandkatsu.jp/
ワンカルビ橿原店,〒634-0007 奈良県橿原市葛本町497-1,飲食店,0744-24-2980,http://www.1dining.co.jp/
ココス橿原店,〒634-0007 奈良県橿原市葛本町８２８－１,飲食店,0744-26-0277,https://www.f-star.co.jp/
鉄板  なか乃,〒634-0007 奈良県橿原市葛本町194-4,飲食店,0744-21-5005,http://teppan-nakano.com/
マクドナルド橿原葛本町店,〒634-0007 奈良県橿原市葛本町706-1,飲食店,0744-23-3208,-
ガスト 橿原,〒634-0007 奈良県橿原市葛本町６７７－１,飲食店,07442-6-2015,-
利助,〒634-0007 奈良県橿原市葛本町498-5,飲食店,0744-23-9307,-
とりでん  橿原店,〒634-0007 奈良県橿原市葛本町７９３－１,飲食店,0744-20-0155,-
かにの家,〒634-0007 奈良県橿原市葛本町189-2,飲食料品店,0744-25-8808,http://www.kaninoie.com
焼肉きんぐ 橿原店,〒634-0007 奈良県橿原市葛本町735-6,飲食店,0744-47-2909,https://www.yakiniku-king.jp/
居酒屋梅乃華,〒634-0007 奈良県橿原市葛本町808-1グリーンタウン北八木,飲食店,0744-29-9191,-
餃子たかすみ,〒634-0007 奈良県橿原市葛本町807-5,飲食店,0744-42-4244,http://takasumi.com
お好み 焼まん房  まん房  葛本店,〒634-0007 奈良県橿原市葛本町744-1,飲食店,0744-23-5757,http://www.manboh.com/
焼肉特急  橿原駅,〒634-0008 奈良県橿原市十市町855-3,飲食店,0744-29-1529,https://tokkyu.info/store/
福寿館本館,〒634-0008 奈良県橿原市十市町425-1,飲食店,0744-21-5511,-
がんこ橿原店,〒634-0008 奈良県橿原市十市町852-1,飲食店,0774-25-6363,https://www.gankofood.co.jp/shop/detail/wa-kashihara
カレーハウスCoCo壱番屋 ツインゲート橿原店,〒634-0008 奈良県橿原市十市町1222-1,飲食店,0744-20-3222,-
餃子の王将  奈良橿原店,〒634-0008 奈良県橿原市十市町858‐1餃子の王将奈良橿原店,飲食店,0744-25-4544,-
4'season,〒634-0027 奈良県橿原市高殿町567,飲食料品店,0744-25-8248,-
来来亭橿原店,〒634-0028 奈良県橿原市法花寺町60-1来来亭橿原店,飲食店,0744-24-6539,-
台湾料理  吉味,〒634-0028 奈良県橿原市法花寺町85-2,飲食店,074-424-2597,-
餃子の王将橿原神宮店,〒634-0033 奈良県橿原市城殿町251-7,飲食店,0744-22-5909,-
鮨  かわしま,〒634-0045 奈良県橿原市石川町291-1,飲食店,0744-35-1665,-
居酒屋なつかし処  ねこと小判,〒634-0045 奈良県橿原市石川町４２５オークマンション  １階,飲食店,0744-27-6565,-
Oyster Bar LIBERTAS,〒634-0045 奈良県橿原市石川町425オークマンション1F,飲食店,0744-28-3081,-
贅沢酒場まる,〒634-0045 奈良県橿原市石川町100-1,飲食店,0744-28-4885,-
旬彩かづ,〒634-0045 奈良県橿原市石川町２－２ハイム橿原,飲食店,0744-41-6171,-
炉端焼  熊野,〒634-0045 奈良県橿原市石川町333-3,飲食店,0744-28-0444,http://robata-kumano.com/
活魚と日本料理  和楽心  橿原神宮店,〒634-0046 奈良県橿原市栄和町３６－１,飲食店,0744-25-8508,https://tomoe-group.com/warakushin/
博多長浜らーめん夢街道  橿原神宮前店,〒634-0046 奈良県橿原市栄和町40-3,飲食店,0744-29-0001,https://yumekaidou.com/
お好み焼はここやねん  橿原神宮前店,〒634-0062 奈良県橿原市御坊町６４－１,飲食店,0744-24-7667,https://www.cocoyanen.jp/shop_detail?id=kashihara
和食さと  橿原北店,〒634-0062 奈良県橿原市御坊町仏生北21-1,飲食店,07442-5-5345,-
串かつ日和,〒634-0062 奈良県橿原市御坊町３３－４,飲食店,0744-24-8694,-
橿原オークホテル,〒634-0063 奈良県橿原市久米町久米町905-2橿原オークホテル,旅館・ホテル,0744-23-2525,http://kashihara-oakhotel.com
橿原観光ホテル,〒634-0063 奈良県橿原市久米町８６２,旅館・ホテル,0744-22-3235,http://www.kashihara-kankou.com/
フィレ肉専門店  にくぞう,〒634-0063 奈良県橿原市久米町860-3,飲食店,0744-41-9219,https://www.nikuzo.com/
リトルマーメイド橿原神宮前店,〒634-0063 奈良県橿原市久米町618,飲食店,0744-23-9699,-
カフェ＆レストラン  甘樫,〒634-0063 奈良県橿原市久米町652-2THE KASHIHARA,旅館・ホテル,0744-28-6636,https://www.daiwaresort.jp/kashihara/restaurant/index.html
和食レストラン  まほろば,〒634-0063 奈良県橿原市久米町652-2THE KASHIHARA,旅館・ホテル,0744-28-6636,https://www.daiwaresort.jp/kashihara/restaurant/index.html
スカイレストラン  橿原,〒634-0063 奈良県橿原市久米町652-2THE KASHIHARA,旅館・ホテル,0744-28-6636,https://www.daiwaresort.jp/kashihara/restaurant/index.html
中国料理レストラン  鳳凰,〒634-0063 奈良県橿原市久米町652-2THE KASHIHARA,旅館・ホテル,0744-28-6636,https://www.daiwaresort.jp/kashihara/restaurant/index.html
スカイバー  白鳳,〒634-0063 奈良県橿原市久米町652-2THE KASHIHARA,旅館・ホテル,0744-28-6636,https://www.daiwaresort.jp/kashihara/restaurant/index.html
きはる橿原店,〒634-0063 奈良県橿原市久米町618近鉄橿原神宮駅構内,飲食店,0744-24-6835,https://kintetsu-rs.com/brand/
ドトールコーヒーショップ近鉄橿原神宮前駅店,〒634-0063 奈良県橿原市久米町618番地,飲食店,0744-23-2908,https://ciaopresso.com/
ココス橿原神宮店,〒634-0063 奈良県橿原市久米町６８１,飲食店,0744-26-1385,https://www.f-star.co.jp/
焼肉ホルモンまっちゃん,〒634-0063 奈良県橿原市久米町661大和開発ビル１階,飲食店,0744-48-0298,https://tabelog.com/nara/A2903/A290302/29012081/
ａｓ  ＷＩＮＥ  ＤＩＮＩＮＧ,〒634-0063 奈良県橿原市久米町７０８コレツィオーネ１Ｆ－Ｂ号,飲食店,0744-24-5479,https://r.gnavi.co.jp/89z26c5b0000/
マクドナルド169橿原店,〒634-0063 奈良県橿原市久米町712,飲食店,0744-26-2514,-
ガスト 橿原神宮前,〒634-0063 奈良県橿原市久米町芝田７１３,飲食店,07442-6-2016,-
食べ飲み処まる,〒634-0063 奈良県橿原市久米町646-6,飲食店,0744-28-3249,-
かま善,〒634-0063 奈良県橿原市久米町661  大和開発ビルB1,飲食店,0744-27-2344,-
くいもの屋わん橿原神宮前店,〒634-0063 奈良県橿原市久米町６６１大和開発ビル２F,飲食店,0744-26-1011,https://k599250.gorp.jp
柿の葉ずしヤマトあすか店,〒634-0064 奈良県橿原市見瀬町701-1,飲食店,0744-28-8010,http://www.kakinoha.com
又兵衛,〒634-0064 奈良県橿原市見瀬町607-1,飲食店,0744-28-3963,-
橿原見瀬町食堂,〒634-0064 奈良県橿原市見瀬町684-3,飲食店,0744-26-6767,http://www.fujiofood.com/
夢庵 橿原醍醐,〒634-0072 奈良県橿原市醍醐町２６７－１,飲食店,0744-21-3023,-
醍醐町食堂,〒634-0072 奈良県橿原市醍醐町360-1,飲食店,0744-20-1138,http://www.fujiofood.com/
田楽うねび店,〒634-0073 奈良県橿原市縄手町１５０－１,飲食店,0744-29-5678,-
たつ屋  八木駅前店,〒634-0078 奈良県橿原市八木町1丁目８－６,飲食店,0744-23-1329,http://yakiniku-tatsuya.com/
ジュールフェリエ  ラ・バンク,〒634-0078 奈良県橿原市八木町1丁目2-13,飲食店,0744-29-2900,-
Trattoria 前澤,〒634-0078 奈良県橿原市八木町1-7-38 2F,飲食店,0744-48-3808,http://www.torattoria-maezawa.com/
CAFFE&LOUNGE OASI,〒634-0078 奈良県橿原市八木町１－８－１６大和橿原シティホテル２F,飲食店,0744-22-5177,http://www.kashihara-cityhotel.com/restaurant/index.html
麺匠らーめん  いせ屋,〒634-0078 奈良県橿原市八木町１－８－１６大和橿原シティホテル２F,飲食店,0744-20-2226,http://www.kashihara-cityhotel.com/restaurant/index.html
はないちもんめ,〒634-0078 奈良県橿原市八木町1丁目10-3,飲食店,0744-29-8710,https://www.hotpepper.jp/strJ000970092/
山帰来,〒634-0103 奈良県高市郡明日香村飛鳥66-1,飲食店,0744-54-3218,-
創作ふれんち  榛（はる）,〒634-0111 奈良県高市郡明日香村岡385-2,飲食店,0744-54-4575,-
明日香の夢市,〒634-0112 奈良県高市郡明日香村島庄154-3,飲食店,0744-54-9450,http://asukadeasobo.jp
和風レストラン  あすか野,〒634-0112 奈良県高市郡明日香村島庄165番地の1,飲食店,0744-54-4466,-
レストラン  ポカフレール,〒634-0112 奈良県高市郡明日香村島庄51-1,飲食店,080-3101-7888,-
お好み 焼まん房  まん房  新ノ口本店,〒634-0802 奈良県橿原市新口町267－1グリーンタウンにのくち3号,飲食店,0744-25-5650,http://www.manboh.com/
かに道楽  奈良橿原店,〒634-0803 奈良県橿原市上品寺町280-1,飲食店,0120-256-066,https://douraku.co.jp/kansai/kashihara/
木曽路橿原店,〒634-0803 奈良県橿原市上品寺町338番1,飲食店,0744-47-3298,https://www.kisoji.co.jp/kisoji/navi/shop_detail.asp?ShopNo=635
や台ずし  大和八木駅南口町,〒634-0804 奈良県橿原市内膳町1－4－11,飲食店,0744-22-0528,http://yossix.co.jp/
 KICHIRI 大和八木店,〒634-0804 奈良県橿原市内膳町5-2-38大和ビル4F,飲食店,0744-21-3666,-
ajito 大和八木,〒634-0804 奈良県橿原市内膳町1-1-71Ysビル7,飲食店,0744-20-1156,-
つくし  八木店,〒634-0804 奈良県橿原市内膳町5-1-10,飲食店,0744-29-0294,-
ミスタードーナツ八木駅前店,〒634-0804 奈良県橿原市内膳町5-1-30,飲食店,0744-24-2877,-
ごきげんえびす 大和八木店,〒634-0804 奈良県橿原市内膳町5丁目2-39かとう駅前ビル2F,飲食店,0744-21-1239,http://www.iconet.co.jp/shop/brand/12.html
#肉といえば松田,〒634-0804 奈良県橿原市内膳町1-5-22,飲食店,0744-24-0029,https://tabelog.com/nara/A2903/A290302/29012154/
焼鳥 きなせえ,〒634-0804 奈良県橿原市内膳町1丁目5-13,飲食店,0744-29-8033,-
老舗昭和 大衆 酒場天まであがれ,〒634-0804 奈良県橿原市内膳町5丁目2-137-1（ヤマトレジャーセンタービル3F）,飲食店,050-3468-0398,-
お好み焼き 田舎鉄板炉ばた 花舎,〒634-0804 奈良県橿原市内膳町1丁目5-13,飲食店,0744-25-7757,-
呑呑茶屋虎屋,〒634-0804 奈良県橿原市内膳町1丁目5-15,飲食店,0744-22-6123,-
レストランcaféソラ,〒634-0804 奈良県橿原市内膳町5丁目3番31号フクダ不動産八木駅前ビル1階,飲食店,0744-20-1280,https://bar-piazza.jp/
日本料理山河,〒634-0804 奈良県橿原市内膳町5丁目3番31号フクダ不動産八木駅前ビル1階,飲食店,0744-24-0200,https://sanga-fukuda.jp/
ゴルフバースター,〒634-0804 奈良県橿原市内膳町5丁目3番31号フクダ不動産八木駅前ビル2階,飲食店,0744-22-3636,https://golfbar-star.jp/
Steak＆Wine Lamp,〒634-0804 奈良県橿原市内膳町1-2-7ひばりやビル1F,飲食店,0744-22-1010,https://steak-lamp.com/
Flower since2014,〒634-0804 奈良県橿原市内膳町4-12-2-2F,飲食店,0744-29-8828,https://www.facebook.com/flower.since2014/
あほや八木駅前店,〒634-0804 奈良県橿原市内膳町1-5-22,飲食店,080-5710-0243,-
居酒屋 蔵,〒634-0804 奈良県橿原市内膳町1-4-14慶ビル1階,飲食料品店,0744-29-4108,-
美食酒房  如意,〒634-0804 奈良県橿原市内膳町5-1-16,飲食店,0744-23-6353,-
立呑処まる,〒634-0804 奈良県橿原市内膳町1-4-10,飲食店,0744-29-6378,-
寿司居酒屋きらく,〒634-0804 奈良県橿原市内膳町1-2-14八木ビル２Ｆ,飲食店,0744-22-7567,-
グリル  マロニエ,〒634-0804 奈良県橿原市内膳町5ー1ー27,飲食店,0744-23-0888,-
じとっこ組合  大和八木店,〒634-0804 奈良県橿原市内膳町1丁目2-31  2階,飲食店,0744-20-0022,http://www.jitokkokumiai.com/shop/517/
和季粋酔  山葵,〒634-0804 奈良県橿原市内膳町1-3-3,飲食店,0744-25-7504,-
浜焼太郎大和八木店,〒634-0804 奈良県橿原市内膳町1-2-15スカイピア上田2階,飲食店,0744-48-3900,-
ミライザカ  大和八木店,〒634-0804 奈良県橿原市内膳町1-1-1上万ビル2・3・4F,飲食店,0744-20-3651,https://miraizaka.com/yamatoyagi/
鳥貴族 大和八木店,〒634-0804 奈良県橿原市内膳町1-1-71YSビル4F,飲食店,0744-20-0252,-
炭焼きイタリアンバールAKARI,〒634-0804 奈良県橿原市内膳町1丁目5-5-2,飲食店,0744-29-0057,https://www.italianbar-akari.jp
和楽庵  沖田,〒634-0804 奈良県橿原市内膳町4丁目4-5,飲食店,0744-25-5553,-
くいもの屋わん大和八木店,〒634-0804 奈良県橿原市内膳町1丁目１－７１YSビル５F,飲食店,0744-20-3588,https://wan-yamatoyagi.owst.jp
chatchak,〒634-0804 奈良県橿原市内膳町3-1-18,飲食店,0744-46-9533,-
Tama,〒634-0812 奈良県橿原市今井町4-5-14,飲食店,0744-24-8868,http://www.imicho-tama
鮮鶏  鳥寿,〒634-0812 奈良県橿原市今井町3丁目12-18不動産センタービル1階西,飲食店,0744-20-1129,-
カレーハウスCoCo壱番屋  橿原四条店,〒634-0812 奈良県橿原市今井町三丁目１８－１,飲食店,0744-29-2810,-
横田寿司橿原店,〒634-0813 奈良県橿原市四条町630-9,飲食店,0744-23-0429,http://yokota-sushi.com/
大起水産回転寿司橿原店,〒634-0826 奈良県橿原市川西町53－1,飲食店,0744-26-1116,-
天極堂橿原店,〒634-0833 奈良県橿原市忌部町321,飲食店,0744-20-2520,-
ImagamI,〒634-0834 奈良県橿原市雲梯町146-3,飲食店,0744-24-3855,http://imagami.jp
居酒屋金太郎  新堂本店,〒634-0836 奈良県橿原市新堂町259-1光プラザ１F,飲食店,0744-29-1004,-
カプリチョーザイオンモール橿原店,〒634-0837 奈良県橿原市曲川町7-20-1イオンモール橿原1階,飲食店,0744-21-1171,http://capricciosa.com/
ミスタードーナツイオンモール橿原店,〒634-0837 奈良県橿原市曲川町7-20-1,飲食店,0744-22-1680,-
たんとと和くら  イオンモール橿原店,〒634-0837 奈良県橿原市曲川町7-20-1イオンモール橿原1F,飲食店,0744-26-0511,-
叶家  橿原イオンモール店,〒634-0837 奈良県橿原市曲川町7-20-1-165イオンモール橿原1F,飲食店,0744-20-0104,-
丸源ラーメン  橿原店,〒634-0837 奈良県橿原市曲川町７－１２－２０,飲食店,0744-29-1601,-
マクドナルドイオンモール橿原店,〒634-0837 奈良県橿原市曲川町7丁目20番1号イオンモール橿原,飲食店,0744-48-0680,https://map.mcdonalds.co.jp/map/29557
マクドナルド24号橿原店,〒634-0837 奈良県橿原市曲川町7-1-27,飲食店,0744-24-9162,-
しゃぶ葉 橿原,〒634-0837 奈良県橿原市曲川町７丁目２０番１号イオンモール橿原１階１０９３区画,飲食店,0744-21-1124,-
ザブッフェダイナー橿原店,〒634-0837 奈良県橿原市曲川町7丁目20番1号イオンモール橿原  3階,飲食店,0744-29-7610,https://nilax.jp/brand/diner/store/251.html
串家物語  イオンモール橿原,〒634-0837 奈良県橿原市曲川町7-20-1イオンモール橿原 1F,飲食店,0744-20-2113,http://www.fujiofood.com/
デリス タルト&カフェ  イオンモール橿原,〒634-0837 奈良県橿原市曲川町7-20-1イオンモール橿原1F,飲食店,0744-22-8882,http://www.fujiofood.com/
えびのや  イオンモール橿原,〒634-0837 奈良県橿原市曲川町7-20-1イオンモール橿原3F,飲食店,0744-24-0003,http://www.fujiofood.com/
ポムの樹Jr.  イオンモール橿原店,〒634-0837 奈良県橿原市曲川町7-20-1 イオンモール橿原2F,飲食店,0744-21-8128,https://www.pomunoki.com/
海鮮王イオンモール橿原店,〒634-0837 奈良県橿原市曲川町7-20-1 2Fイオンモール橿原,飲食店,0744-47-2228,http://www.dr-dining.com/
博多長浜らーめん夢街道  土橋店,〒634-0844 奈良県橿原市土橋町202-1,飲食店,0744-24-7488,https://yumekaidou.com/
居酒屋金太郎  真菅店,〒634-0845 奈良県橿原市中曽司町92-5,飲食店,0744-24-7770,-
地鶏やきとり  おしどり。真菅店,〒634-0845 奈良県橿原市中曽司町317-1ニュートラルビル102,飲食店,0744-48-0406,https://osidorimasuga.owst.jp/
きらりＣＵＣＩＮＡ  近鉄百貨店 橿原店,〒634-8511 奈良県橿原市北八木町３－６５－１１,飲食店,0744-25-1111,-
いなば和幸  近鉄百貨店 橿原店,〒634-8511 奈良県橿原市北八木町３－６５－１１,飲食店,0744-25-1111,-
月日亭  近鉄百貨店 橿原店,〒634-8511 奈良県橿原市北八木町３－６５－１１,飲食店,0744-25-1111,-
杵屋  近鉄百貨店 橿原店,〒634-8511 奈良県橿原市北八木町３－６５－１１,飲食店,0744-25-1111,-
レストラン福寿館  近鉄百貨店 橿原店,〒634-8511 奈良県橿原市北八木町３－６５－１１,飲食店,0744-25-1111,-
華の風  近鉄百貨店 橿原店,〒634-8511 奈良県橿原市北八木町３－６５－１１,飲食店,0744-25-1111,-
ビーンズフレーバー  近鉄百貨店 橿原店,〒634-8511 奈良県橿原市北八木町３－６５－１１,飲食店,0744-25-1111,-
コロニアルティーガーデン  近鉄百貨店 橿原店,〒634-8511 奈良県橿原市北八木町３－６５－１１,飲食店,0744-25-1111,-
カフェ英國屋  近鉄百貨店 橿原店,〒634-8511 奈良県橿原市北八木町３－６５－１１,飲食店,0744-25-1111,-
アフタヌーンティー・ティールーム  近鉄百貨店 橿原店,〒634-8511 奈良県橿原市北八木町３－６５－１１,飲食店,0744-25-1111,-
ドンク  近鉄百貨店 橿原店,〒634-8511 奈良県橿原市北八木町３－６５－１１,飲食店,0744-25-1111,-
アンテノール  近鉄百貨店 橿原店,〒634-8511 奈良県橿原市北八木町３－６５－１１,飲食店,0744-25-1111,-
くくる  近鉄百貨店 橿原店,〒634-8511 奈良県橿原市北八木町３－６５－１１,飲食店,0744-25-1111,-
スリーマウンテン  近鉄百貨店 橿原店,〒634-8511 奈良県橿原市北八木町３－６５－１１,飲食店,0744-25-1111,-
和・Ｂｉｓｔｒｏ  吟,〒634-8561 奈良県橿原市大久保町４６０－４松井ビル１Ｆ,飲食店,090-5463-8500,-
みんなの酒場,〒635-0002 奈良県大和高田市土庫2-4-3,飲食店,090-8792-1022,-
味一ホルモン店,〒635-0014 奈良県大和高田市三和町７－１７,飲食店,0745-53-5960,https://hitosara.com/0006098864/
鳥貴族 トナリエ大和高田店,〒635-0015 奈良県大和高田市幸町3-18トナリエ大和高田 1階,飲食店,0745-43-7133,-
とんかつかつ喜  大和高田店,〒635-0015 奈良県大和高田市幸町3-18トナリエ大和高田1階,飲食店,0745-44-3638,http://www.kiraku-g.co.jp/
ChineseDining  白鳳酒家,〒635-0015 奈良県大和高田市幸町３-１８トナリエ大和高田２５０,飲食店,0745-22-4753,-
Oro grill&farm,〒635-0015 奈良県大和高田市幸町3-18トナリエ大和高田2Ｆ,飲食店,0745-53-0600,-
マクドナルド中和幹線大和高田店,〒635-0021 奈良県大和高田市大字池尻181番地の1,飲食店,0745-53-6608,https://map.mcdonalds.co.jp/map/29555
はじめラーメン,〒635-0023 奈良県大和高田市日之出東本町17-29,飲食店,090-8235-6553,-
酒処  まるはち,〒635-0024 奈良県大和高田市日之出西本町6-10サングレース大和高田,飲食店,0745-23-2955,-
和食さと  大和高田神楽店,〒635-0025 奈良県大和高田市神楽2-13-30,飲食店,0745-25-2560,-
とん葛,〒635-0025 奈良県大和高田市神楽3-9-3松田ビル１階-2,飲食店,0745-25-5515,http://www.atsunori-jp.com/tonkatsu
炭火焼肉華炎坊,〒635-0025 奈良県大和高田市神楽1-3-29,飲食店,0745-52-0141,-
カレーハウスCoCo壱番屋  大和高田神楽店,〒635-0025 奈良県大和高田市神楽三丁目９－３,飲食店,0745-25-0402,-
あずさ珈琲  大和高田店,〒635-0026 奈良県大和高田市神楽275-5,飲食店,0745-44-3713,https://kagonoya.food-kr.com/shop/
ワンカルビ大和高田店,〒635-0026 奈良県大和高田市神楽72-1,飲食店,0745-24-1117,http://www.1dining.co.jp/
きんのぶた高田神楽店,〒635-0026 奈良県大和高田市      大字神楽186          ,飲食店,0745-25-1029,http://www.1dining.co.jp/
すき家  大和高田神楽店,〒635-0026 奈良県大和高田市神楽280-2,飲食店,0120-498-007,-
日本料理  市藤,〒635-0046 奈良県大和高田市西三倉堂1-1-1,飲食店,0745-53-1972,https://www.takada-ichifuji.com/
ヴィラージュ・アキヨシ,〒635-0053 奈良県大和高田市秋吉199-5,飲食店,0745-53-7517,https://www.akiyoshi-riche.jp/
伝五郎大和高田店,〒635-0054 奈良県大和高田市曽大根１２４－１,飲食店,0745-21-1156,https://www.f-star.co.jp/
まんぷく厨房ちゃらりん,〒635-0055 奈良県大和高田市曽大根1-17-21,飲食店,0745-23-5603,-
焼とり・串揚げ・釜めし 鳥いちばん 大和高田店,〒635-0062 奈良県大和高田市礒野南町4-3,飲食店,0745-24-5801,https://r.gnavi.co.jp/d5dns7c70000/
炭焼とワイン  ぢどりや大和高田店,〒635-0062 奈良県大和高田市磯野南町3-8,飲食店,0745-22-0559,-
大和春日町食堂,〒635-0067 奈良県大和高田市春日町2-388-1,飲食店,0745-24-5580,http://www.fujiofood.com/
旬味の鮨  まるみ,〒635-0067 奈良県大和高田市春日町1-3-55,飲食店,0745-52-8233,https://marumi-takada.com.
すき焼 銀座 花,〒635-0071 奈良県大和高田市築山１４－３サンプラザ築山１１２号,飲食店,0745-23-8000,http://www.nara-sukiyaki-ginza-hana.com/
やきとりの扇屋  大和高田店,〒635-0071 奈良県大和高田市築山126-1,飲食店,0745-21-0090,https://tabelog.com/nara/A2903/A290302/29010387/
ガスト 大和高田,〒635-0071 奈良県大和高田市大字築山１１４－１,飲食店,0745-24-5727,-
teppan italian バール,〒635-0072 奈良県大和高田市有井58-1-103号,飲食店,0745-22-6866,http://baru-td.com/teppan/
ビジネスホテル＆割烹ふたかみ,〒635-0072 奈良県大和高田市有井247-1,飲食店,0745-52-0111,http://futakami.com/
ＣＡＦＥ  クローバー,〒635-0085 奈良県大和高田市片塩町13-8,飲食店,0745-43-7369,https://ameblo.jp/cafeclover20120702/
ヴェルデ辻甚,〒635-0086 奈良県大和高田市南本町１１－４３,飲食店,0745-25-2700,http://www.tsuji-jin.com/
フレンチシェフのラーメン  くろす,〒635-0086 奈良県大和高田市南本町１０－２２,飲食店,0745-25-3500,-
ミスタードーナツ高田店,〒635-0097 奈良県大和高田市北本町14-4,飲食店,0745-24-2232,-
茶寮花大和,〒635-0103 奈良県高市郡高取町清水谷1064,飲食店,0744-52-2289,-
町屋カフェnoconoco,〒635-0152 奈良県高市郡高取町上土佐57,飲食店,0744-52-4771,http://noconoco.takatori.info/
cafeomo屋,〒635-0803 奈良県北葛城郡広陵町大野359-3,飲食店,0745-57-1162,-
ヒュッテ虹,〒635-0814 奈良県北葛城郡広陵町南郷651-1,飲食店,0745-55-5300,-
露菴奈良広陵店,〒635-0817 奈良県北葛城郡広陵町寺戸279-1,飲食店,0745-58-2288,https://www.good-promise.co.jp/
cafeそらみる,〒635-0821 奈良県北葛城郡広陵町笠274-5,飲食店,0745-55-3225,http://soramilu.com
広陵レストラん,〒635-0821 奈良県北葛城郡広陵町大字笠１６１−２総合福祉会館,飲食店,0745-55-2455,https://retty.me/area/PRE29/ARE386/SUB38609/100001090468/
寿司  秀すし,〒635-0822 奈良県北葛城郡広陵町平尾611-3,飲食店,0745-55-2015,-
earth colors,〒635-0823 奈良県北葛城郡広陵町三吉478-1,飲食店,0745-55-7889,https://www.earthcolors-cafe.com
食神苑,〒635-0823 奈良県北葛城郡広陵町三吉310-1,飲食店,0745-55-2999,-
AsianGarden空音,〒635-0824 奈良県北葛城郡広陵町疋相402-1,飲食店,0745-55-3311,-
餃子の王将奈良広陵店,〒635-0825 奈良県北葛城郡広陵町大字安部60-1,飲食店,0745-55-2568,-
ＰＩＳＯＬＡ真美ヶ丘店,〒635-0831 奈良県北葛城郡広陵町馬見北9-12-9,飲食店,0745-43-6001,-
にぎり長次郎真美ケ丘店,〒635-0831 奈良県北葛城郡広陵町馬見北9丁目1-33,飲食店,0745-54-3338,http://chojiro.jp/shop/shop.php?id=36
酒菜和味,〒635-0831 奈良県北葛城郡広陵町馬見北9-12-27,飲食店,0745-54-5865,-
カフェドからん,〒635-0831 奈良県北葛城郡広陵町馬見北一丁目７－６カフェドからん,飲食店,0745-60-6677,https://www.facebook.com/cafedekaran/
旬彩ゆうはな,〒635-0831 奈良県北葛城郡広陵町馬見北9-9-23,飲食店,0745-54-5887,-
おうちＣａｆｅわんこ堂,〒635-0831 奈良県北葛城郡広陵町馬見北５－３－１２,飲食店,0745-55-7065,http://wankodo123.web.fc2.com/
山小舎,〒635-0831 奈良県北葛城郡広陵町馬見北9丁目1-43,飲食店,0745-55-4136,-
イタリア食房アペティート,〒635-0831 奈良県北葛城郡広陵町馬見北7丁目9番18号カーサ真美ケ丘,飲食店,0745-55-6867,-
手打そば  はやし,〒635-0831 奈良県北葛城郡広陵町馬見北8-6-6,飲食店,0745-54-6884,http://soba884.sakura.ne.jp
SUMIYAKIこけこっこ,〒635-0832 奈良県北葛城郡広陵町馬見中5-1-26,飲食店,0745-55-4095,-
ＫＦＣ真美ヶ丘店,〒635-0832 奈良県北葛城郡広陵町馬見中4丁目1-1エコール・マミ北館1階,飲食店,0745-54-5013,https://kintetsu-rs.com/brand/brand_categ/brandca__kfc/
イタリアレストラン  アルバ,〒635-0832 奈良県北葛城郡広陵町馬見中2-5-12,飲食店,0745-55-5067,http://1-alba.com
大仏Cafe,〒635-0832 奈良県北葛城郡広陵町馬見中1-1-3,飲食店,0745-43-6123,-
生パスタ専門店REALE,〒635-0833 奈良県北葛城郡広陵町馬見南1-6-26片岡第二ビル  半地下左,飲食店,080-4563-7815,http://pastafresca-reale.jimdofree.com
そばうどん今日亭  広陵店,〒635-0834 奈良県北葛城郡広陵町大塚70-1  今日亭,飲食店,0745-61-6536,-
ビッグボーイ 奈良広陵,〒635-0834 奈良県北葛城郡広陵町大字大塚61-1,飲食店,0745-54-6181,https://www.bigboyjapan.co.jp/
どうとんぼり神座  大和高田店,〒635-0834 奈良県北葛城郡広陵町大塚908-1,飲食店,0745-54-0688,http://kamukura.co.jp
ベビーフェイスプラネッツ広陵店,〒635-0834 奈良県北葛城郡広陵町大塚897-1,飲食店,0745-55-3401,https://www.just.st/309395/
奈良広陵食堂,〒635-0834 奈良県北葛城郡広陵町大塚70-3,飲食店,0745-54-6123,http://www.fujiofood.com/
オランダ屋高田店,〒635-0834 奈良県北葛城郡広陵町大塚62-1,飲食店,0745-55-4610,https://www.fujieda-coffee.co.jp/cafe-takada.html
Pizzeria  HARU,〒635-0835 奈良県北葛城郡広陵町みささぎ台38-1,飲食店,0745-47-0738,http://www.pizzeria-haru.com/
海鮮中華料理 呑,〒635-0835 奈良県北葛城郡広陵町みささぎ台1-35,飲食店,0745-55-3319,http://don-chinese.com
真心,〒635-0839 奈良県北葛城郡広陵町馬見北9-9-34,飲食店,0745-55-0188,-
心ろ家本店,〒635-0840 奈良県北葛城郡広陵町みささぎ台37-3,飲食店,0745-55-8877,-
や台ずし  王寺駅南口町,〒636-0002 奈良県北葛城郡王寺町王寺2－2－1,飲食店,0745-32-2888,http://yossix.co.jp/
かごの屋  奈良王寺店,〒636-0002 奈良県北葛城郡王寺町王寺2-10-12,飲食店,0745-33-6525,https://kagonoya.food-kr.com/shop/
ミスタードーナツ王寺ショップ,〒636-0002 奈良県北葛城郡王寺町王寺2-9-15ル・カーラ1階,飲食店,0745-33-2722,-
ワンカルビ王寺店,〒636-0002 奈良県北葛城郡王寺町王寺2-11-7,飲食店,0745-34-2911,http://www.1dining.co.jp/
和食さと  王寺駅前店,〒636-0002 奈良県北葛城郡王寺町王寺2-9-5,飲食店,0745-32-7702,-
魚八庭,〒636-0002 奈良県北葛城郡王寺町王寺2-4-3,飲食店,0745-31-2801,-
ネオ大衆酒場なかいや,〒636-0002 奈良県北葛城郡王寺町王寺2-7-14,飲食店,0745-73-3004,-
PARADISE BURGERS,〒636-0002 奈良県北葛城郡王寺町王寺2-7-20αビル104 ,飲食店,0745-73-7668,https://paradise-burgers.com/
和彩びすとろ・呵呵,〒636-0002 奈良県北葛城郡王寺町王寺2丁目7番20号王寺アルファビル108,飲食店,0745-43-8817,http://www.kaka-nara.com
味わい処  ことぶき本店,〒636-0002 奈良県北葛城郡王寺町王寺2-10-11,飲食店,0745-73-8228,http://kotobuki-honten.com/
地鶏炭火焼  鳥八,〒636-0002 奈良県北葛城郡王寺町王寺2ー3ー16福島ビル,飲食店,0745-73-0039,-
tsubasa,〒636-0002 奈良県北葛城郡王寺町王寺2-4-10五番館ビル,飲食店,0745-34-0555,-
鳥貴族 JR王寺駅前店,〒636-0002 奈良県北葛城郡王寺町王寺2-10-3,飲食店,0745-32-3911,-
焼肉  友羽,〒636-0002 奈良県北葛城郡王寺町王寺2-7-1ピアザビル１F,飲食店,0745-31-2929,-
くいもの屋わんJR王寺駅前店,〒636-0002 奈良県北葛城郡王寺町王寺2丁目１０－３,飲食店,0745-34-2211,https://wan-oujiekimae.owst.jp
焼肉ホルモン  キヨミ,〒636-0002 奈良県北葛城郡王寺町王寺2-7-14,飲食店,0745-73-8000,-
や台ずし  王寺駅北口町,〒636-0003 奈良県北葛城郡王寺町九度2－13－2,飲食店,0745-33-1888,http://yossix.co.jp/
お食事・吞み処  くによし,〒636-0003 奈良県北葛城郡王寺町久度2丁目１０－４住都ビル,飲食店,0745-31-7300,-
エスタシオンカフェ 王寺,〒636-0003 奈良県北葛城郡王寺町久度2-6-10,飲食料品店,0745-73-9771,-
立ち飲み酒場なかいや魚,〒636-0003 奈良県北葛城郡王寺町久度2-3-1,飲食店,0745-32-3006,-
黒天KURO-TEN,〒636-0003 奈良県北葛城郡王寺町久度２−１４−１０,飲食店,0745-72-6977,https://kuro-ten.com/
王寺百楽,〒636-0003 奈良県北葛城郡王寺町久度2丁目2番  リーベル王寺東館地下１階,飲食店,0745-33-0021,https://kintetsu-rs.com/brand/
JOSEP - CRAFT BEER & MEATS -,〒636-0003 奈良県北葛城郡王寺町久度3-4-15,飲食店,0745-60-7988,http://www.josep-nara.com/
わらいどり〔王寺駅地下酒場〕,〒636-0003 奈良県北葛城郡王寺町久度2-3-1リベール王寺・西館B05,飲食店,0745-43-7855,-
マクドナルド王寺りーべる店,〒636-0003 奈良県北葛城郡王寺町久度2-2-1東館B1F王寺りーべる東館,飲食店,0745-33-7026,https://map.mcdonalds.co.jp/map/29547
ハナレ,〒636-0003 奈良県北葛城郡王寺町久度3-6-16,飲食店,0745-60-6136,-
和ダイニングバー  Hazuki,〒636-0003 奈良県北葛城郡王寺町久度２丁目３ー１りーべる王寺西館Ｂ０８,飲食店,0745-72-8884,-
インド料理  マユール,〒636-0003 奈良県北葛城郡王寺町久度2-2-1りーべる王寺東館B1F,飲食店,0745-72-8811,http://mayur-oji.com
お好み焼  御幸,〒636-0003 奈良県北葛城郡王寺町久度2丁目14-6,飲食店,0745-72-2838,-
鶴橋風月  りーべる王寺店,〒636-0003 奈良県北葛城郡王寺町久度2-2-1りーべる王寺東館  地下1階,飲食店,0745-33-7004,https://www.tcbn.co.jp/
占い：カフェ  ローラン,〒636-0003 奈良県北葛城郡王寺町久度2丁目10-2,飲食店,0745-73-6609,-
大阪うどんきらく  王寺店,〒636-0003 奈良県北葛城郡王寺町久度2-2-1リーベル王寺東館Ｂ1階,飲食店,0745-33-1117,http://www.kiraku-g.co.jp/
とんかつかつ喜  王寺店,〒636-0003 奈良県北葛城郡王寺町久度2-2-1リーベル王寺東館B1階,飲食店,0745-31-1601,http://www.kiraku-g.co.jp/
モスバーガーJR王寺店,〒636-0003 奈良県北葛城郡王寺町久度2-3538-1,飲食店,0745-33-7755,https://www.mos.jp/shop/detail/08123/
たこ焼き BAR たこ坊,〒636-0003 奈良県北葛城郡王寺町久度3丁目5-24,飲食店,0745-31-3800,-
和ダイニングバーHazuki,〒636-0003 奈良県北葛城郡王寺町久度2-3-1りーべる西館B08,飲食店,0745-72-8884,-
銀の卵王寺店,〒636-0012 奈良県北葛城郡王寺町本町1-87-1銀の卵王寺,飲食店,0745-31-6600,-
餃子の王将王寺店,〒636-0012 奈良県北葛城郡王寺町本町1-2176-1,飲食店,0745-32-0537,-
焼肉天道,〒636-0012 奈良県北葛城郡王寺町本町4丁目9-12シャトー王寺207,飲食店,0745-49-0290,https://www.yakiniku-tendou.jp/
炭火串焼天道,〒636-0012 奈良県北葛城郡王寺町本町4丁目15-20,飲食店,080-5357-5134,-
柚はな,〒636-0012 奈良県北葛城郡王寺町本町4丁目9-20シャトー王寺201,飲食店,0745-72-3810,-
和風炉端  一歩,〒636-0012 奈良県北葛城郡王寺町本町4-9-20シャトー王寺2階,飲食店,0745-73-8135,-
すき家  25号王寺本町店,〒636-0012 奈良県北葛城郡王寺町本町1-17-17,飲食店,0120-498-007,-
季節料理  戸田家,〒636-0021 奈良県北葛城郡王寺町畠田4-7-11,飲食店,0745-73-3331,http://www.todaya-foodjapan.com/
鬼楽,〒636-0021 奈良県北葛城郡王寺町畠田4-418-11,飲食店,0745-72-5150,http://www.kiraku-jp.com/
DogCafe MAPLE,〒636-0051 奈良県北葛城郡河合町川合879-1,飲食店,0745-56-3117,-
寿しの喜多八,〒636-0051 奈良県北葛城郡河合町川合1226-3,飲食店,0745-57-1890,http://r.gnavi.co.jp/c691900/
カレーハウスCoCo壱番屋  法隆寺インター店,〒636-0051 奈良県北葛城郡河合町川合９９１－１,飲食店,0745-58-2522,-
地鶏焼きとり  ぢどりや  法隆寺南店,〒636-0053 奈良県北葛城郡河合町池部151-2,飲食店,0745-57-2340,https://g.co/kgs/cJbbAm
マクドナルド法隆寺インター店,〒636-0054 奈良県北葛城郡河合町穴闇184-1,飲食店,0745-58-2370,https://map.mcdonalds.co.jp/map/29522
ちゃんぽんと餃子のうまい店  ほうらい,〒636-0061 奈良県北葛城郡河合町山坊464-1,飲食店,0745-57-2270,http://www.e-hourai.com
旬のお料理桜,〒636-0071 奈良県北葛城郡河合町高塚台1-22-13,飲食店,0745-32-8822,-
マクドナルドイオン西大和店,〒636-0072 奈良県北葛城郡河合町中山台2-7-1イオン西大和,飲食店,0745-33-3240,https://map.mcdonalds.co.jp/map/29519
洋菓子  モンシェリー,〒636-0072 奈良県北葛城郡河合町中山台1-23-11,飲食店,0745-73-3450,-
喫茶  ルーチェ,〒636-0072 奈良県北葛城郡河合町中山台2-7イオン西大和店,飲食店,0745-31-1946,-
リアルインディアンカレー,〒636-0072 奈良県北葛城郡河合町中山台2-7イオン西大和店,飲食店,090-9862-1246,-
やきとり大吉  西大和店,〒636-0073 奈良県北葛城郡河合町広瀬台3-3-9,飲食店,0745-73-7808,-
錦わらい  奈良西大和ニュータウン店,〒636-0082 奈良県北葛城郡河合町薬井475-1,飲食店,0745-34-2070,-
麺場  田所商店  奈良西大和ニュータウン店,〒636-0082 奈良県北葛城郡河合町薬井475-1,飲食店,0745-34-2088,-
かつアンドかつ  西大和学園前店,〒636-0082 奈良県北葛城郡河合町薬井402,飲食店,0745-33-3310,https://www.katsuandkatsu.jp/
さん天  奈良西大和店,〒636-0082 奈良県北葛城郡河合町大字薬井304-1,飲食店,0745-43-5680,-
サーティーワンアイスクリーム  西大和店,〒636-0082 奈良県北葛城郡河合町薬井485-3,飲食店,0745-73-4531,https://www.31ice.co.jp/
西大和さえき,〒636-0093 奈良県北葛城郡河合町大輪田1674-2,飲食店,0745-73-3393,http://www.gourmetjapan.co.jp/
来来亭斑鳩店,〒636-0105 奈良県生駒郡斑鳩町東福寺1-33-1,飲食店,0745-74-2102,-
ふぁんろん食堂,〒636-0105 奈良県生駒郡斑鳩町東福寺1-4-16,飲食店,0745-74-1468,-
すき家  25号斑鳩法隆寺店,〒636-0112 奈良県生駒郡斑鳩町法隆寺東2-1-22,飲食店,0120-498-007,-
和食さと  法隆寺店,〒636-0113 奈良県生駒郡斑鳩町法隆寺南1-1-10,飲食店,0745-75-0552,-
和食麺処サガミ法隆寺店,〒636-0113 奈良県生駒郡斑鳩町法隆寺南2丁目3番3号,飲食店,0745-75-0009,https://www.sagami.co.jp/
えびのや  奈良斑鳩,〒636-0113 奈良県生駒郡斑鳩町法隆寺南1-1-13,飲食店,0745-70-1123,http://www.fujiofood.com/
ギャラリーカフェ  鵤樂舎,〒636-0114 奈良県生駒郡斑鳩町法隆寺西1-3-3,飲食店,0745-43-8724,-
cafeこもど,〒636-0116 奈良県生駒郡斑鳩町法隆寺２丁目1-25まほろばステーション,飲食店,0745-75-0305,-
有限会社  太子堂,〒636-0116 奈良県生駒郡斑鳩町法隆寺１－５－２９,飲食店,074-575-2623,http://taishido.info
ねねカフェ,〒636-0116 奈良県生駒郡斑鳩町法隆寺１丁目５番３７号,飲食店,0745-75-5886,-
（株）冨之里,〒636-0116 奈良県生駒郡斑鳩町法隆寺1-6-33,飲食店,0745-75-2918,http://www.tominosato.biz
柿の葉ずし総本家平宗 法隆寺店,〒636-0116 奈良県生駒郡斑鳩町1-8-40,飲食店,0745-75-1110,http://www.hiraso.jp/store/
CAFE鍼灸ZADAN,〒636-0116 奈良県生駒郡斑鳩町法隆寺2-3-16,飲食店,0745-74-5797,https://i-zadan2014.jimdofree.com/
和CAFE布穀薗,〒636-0116 奈良県生駒郡斑鳩町法隆寺2-2-35,飲食店,0745-44-8787,http://fukokuen.com/
Felice Piccione,〒636-0116 奈良県生駒郡斑鳩町法隆寺2-9-10,飲食店,0745-43-6911,-
美濃里,〒636-0116 奈良県生駒郡斑鳩町法隆寺1丁目9-27,飲食店,0745-74-5544,-
リラクゼーションカフェ  シャンドゥルール,〒636-0123 奈良県生駒郡斑鳩町興留5-5-22,飲食店,0745-75-4534,https://horyuji-cafe.com
和・ダイニング 相川,〒636-0123 奈良県生駒郡斑鳩町興留4-9-26,飲食店,0745-74-0367,-
和ダイニング法隆寺,〒636-0123 奈良県生駒郡斑鳩町興留7-7-4,飲食店,0745-75-3988,http://wadining-horyuji.com/
旬彩  菜香良志,〒636-0123 奈良県生駒郡斑鳩町興留7-7-1,飲食店,0745-74-0843,https://tabelog.com/nara/A2902/A290203/29002659/?lid=owner_rst-top-jitempo_pc
クランベリー,〒636-0132 奈良県生駒郡斑鳩町目安3-1-45,飲食店,0745-74-0845,-
マクドナルド25号斑鳩店,〒636-0144 奈良県生駒郡斑鳩町稲葉西2-9-6,飲食店,0745-74-3011,https://map.mcdonalds.co.jp/map/29551
備長扇屋  斑鳩店,〒636-0151 奈良県生駒郡斑鳩町龍田1-3-12,飲食店,0745-75-8012,https://tabelog.com/nara/A2902/A290203/29001398/
中国料理紫微星奈良店,〒636-0154 奈良県生駒郡斑鳩町龍田西5丁目1-3,飲食店,0745-75-0888,http://www.shibisei.com
ベビーフェイスプラネッツ王寺店,〒636-0154 奈良県生駒郡斑鳩町龍田西4丁目1-33,飲食店,0745-75-2466,-
ちゃんこ杉,〒636-0202 奈良県磯城郡川西町結崎460大塚ビル一階,飲食店,0745-44-0788,-
道の駅  レスティ唐古・鍵,〒636-0226 奈良県磯城郡田原本町唐古70-1,その他業種,0744-33-9170,-
プラススクエア,〒636-0245 奈良県磯城郡田原本町味間317,飲食店,0744-35-1635,https://www.psquare.jp
お好み焼き・鉄板焼き ぼんくら家 田原本町店,〒636-0246 奈良県磯城郡田原本町千代576-1,飲食店,0744-34-0503,-
和風居酒屋  鞍馬,〒636-0246 奈良県磯城郡田原本町千代1121-3,飲食店,0744-33-0858,-
鶏自慢くっく,〒636-0246 奈良県磯城郡田原本町千代374-3,飲食店,0744-32-5461,-
マクドナルド田原本店,〒636-0247 奈良県磯城郡田原本町大字阪手626-1,飲食店,0744-32-7804,https://map.mcdonalds.co.jp/map/29006
（株）力丸  長秀屋,〒636-0247 奈良県磯城郡田原本町阪手639-1,飲食店,0744-33-5688,-
肉匠迎賓館  田原本店,〒636-0311 奈良県磯城郡田原本町八尾584-2,飲食店,0744-33-8778,http://www.yakinikugeihinkan.com
地鶏炭焼き麺処  おしどり。五代目鶴松,〒636-0343 奈良県磯城郡田原本町秦庄442-1,飲食店,0744-34-1053,-
さんごうアンテナショップ＆Cafe TreEsse,〒636-0811 奈良県生駒郡三郷町勢野東4-3-38,飲食店,0745-61-0385,http://shuoh-gyosei.com/
カフェノム,〒636-0824 奈良県生駒郡三郷町城山台3-1-1,飲食店,0745-34-1255,-
柿本家,〒636-0831 奈良県生駒郡三郷町信貴山東5-8,旅館・ホテル,0745-72-2052,http://www.kakimotoya.com
蓬乃里,〒636-0832 奈良県生駒郡三郷町信貴山西2-40,飲食店,0745-72-4804,https://www.shigisan.co.jp/theme17.html
のどか村喫茶ミネンド,〒636-0833 奈良県生駒郡三郷町信貴南畑1丁目7番1号,飲食店,0745-73-8203,http://www.sigisan-nodokamura.com/
のどか村バーベキューハウス,〒636-0833 奈良県生駒郡三郷町信貴南畑1丁目7番１号,飲食店,0745-73-8203,http://www.sigisan-nodokamura.com/
のどか村ピザハウス,〒636-0833 奈良県生駒郡三郷町信貴南畑1丁目7番１号,飲食店,0745-73-8203,http://www.sigisan-nodokamura.com/
mamma,〒636-0906 奈良県生駒郡平群町菊美台1-7-33,飲食店,0745-46-1085,http://www.tender-box.com
玉蔵院,〒636-0923 奈良県生駒郡平群町信貴山2280-1,旅館・ホテル,0745-72-2881,http://www.gyokuzo.com
ガスト 奈良平群,〒636-0933 奈良県生駒郡平群町平群町大字下垣内７５－１,飲食店,0745-46-1250,-
ごはんとカフェHANA,〒636-0935 奈良県生駒郡平群町光ケ丘1-8-20,飲食店,0745-47-1179,-
salon do tea HOTEIYA,〒636-8216 奈良県奈良市東向南町14ほていやビル,飲食店,0742-22-5563,-
インド料理レストラン シャクティ,〒637-0004 奈良県五條市今井2-150イオン五條店1F,飲食店,0747-23-5155,https://hitosara.com/0006133035
マクドナルド24号五條店,〒637-0004 奈良県五條市今井2-362-1,飲食店,0747-24-3474,-
四六時中  五條店,〒637-0004 奈良県五條市今井2-150イオン五條店1階,飲食店,0747-23-5294,-
すき家  24号五條今井店,〒637-0004 奈良県五條市今井1-11-57,飲食店,0120-498-007,-
ガスト 五條,〒637-0005 奈良県五條市須恵３丁目４－２２,飲食店,0747-26-2772,-
明徳庵,〒637-0006 奈良県五條市岡口一丁目4-5,飲食店,090-8985-3247,-
農家レストランばあく,〒637-0019 奈良県五條市小和町719,飲食店,0747-25-0701,http://baaku.jp
レストランよしの川/別館撫石庵,〒637-0031 奈良県五條市小島町449-1,飲食店,0747-23-0123,https://yoshino-gawa.jp/
お好みハウス わらべ,〒637-0041 奈良県五條市本町1丁目2番7号,飲食店,0747-23-2772,-
五條  源兵衛,〒637-0041 奈良県五條市本町2丁目5番17号,飲食店,0747-23-5566,http://genbei.info/
GOJO GIROCCO,〒637-0041 奈良県五條市本町2-2-2GOJO GIROCCO,飲食店,0747-23-2605,https://girocco.jp/
花ふぶき,〒637-0043 奈良県五條市新町2-1-33,飲食店,0747-25-1555,http://www.riversidehotel.co.jp/
柿の葉ずしヤマト五條本店,〒637-0043 奈良県五條市五條3-2-2,飲食店,0747-23-1955,http://www.kakinoha.com
レストランラミダンファンスアラメゾン,〒637-0071 奈良県五條市二見１－９－２８,飲食料品店,0747-24-2205,-
ミスターハート,〒637-0071 奈良県五條市二見3丁目9の5,飲食店,0747-25-0974,-
イタリア料理カンタレーレ,〒637-0082 奈良県五條市中之町1139,飲食店,0747-22-8777,-
寿司  いこ～屋,〒637-0084 奈良県五條市釜窪町1405,飲食店,0747-22-8111,https://www.iko-ya.com/
dining-kitchen-iki,〒637-0093 奈良県五條市田園2丁目2-8,飲食店,0747-25-1577,-
MotoDINER,〒637-0102 奈良県五條市西吉野町黒淵646-1,飲食店,090-3848-0646,-
農悠舎王隠堂,〒637-0105 奈良県五條市西吉野町湯塩１５４番地,飲食料品店,0747-26-1831,http://www.nouyusha.com
Cafe Restaurant 賀名生旧皇居,〒637-0117 奈良県五條市西吉野町賀名生１番,飲食店,0747-32-0080,https://kanau1318.jp
ロッジ星のくに,〒637-0417 奈良県五條市大塔町阪本249,旅館・ホテル,0747-35-0321,http://www.ootou.jp/hoshinokuni_stay.html
大塔郷土館,〒637-0417 奈良県五條市大塔町阪本283-1,飲食店,0747-35-0085,http://www.ootou.jp/kyodokan.html
昭和食堂,〒637-0423 奈良県吉野郡野迫川村柞原223,飲食店,090-7961-8242,https://www.facebook.com/nosegawa.syouwasyokudo/
つり橋の郷,〒637-1103 奈良県吉野郡十津川村上野地２８１,飲食店,0746-68-0013,-
道の駅  十津川郷,〒637-1333 奈良県吉野郡十津川村小原225-1,飲食店,0746-63-0003,-
ドライブイン長谷川,〒637-1554 奈良県吉野郡十津川村平谷643-7,飲食店,0746-64-0028,-
ごんた食堂,〒638-0011 奈良県吉野郡下市町伃邑2189,飲食店,0747-52-2619,-
ザ・トンネル,〒638-0015 奈良県吉野郡下市町広橋1337-1,飲食店,0747-58-0716,-
奈良の奥座敷市場,〒638-0022 奈良県吉野郡下市町丹生５４３,飲食店,0747-58-0027,-
おけ常,〒638-0041 奈良県吉野郡下市町下市13-1,飲食店,0747-52-2445,http://oketune.main.jp
森の交流館,〒638-0241 奈良県吉野郡黒滝村粟飯谷1,旅館・ホテル,0747-62-2770,-
かどや食堂,〒638-0301 奈良県吉野郡天川村川合269,飲食店,0747-63-0603,-
きらく九兵衛,〒638-0431 奈良県吉野郡天川村洞川４７,飲食店,0747-64-0600,-
純喫茶ルナ,〒638-0431 奈良県吉野郡天川村洞川212,飲食店,0747-64-0512,-
柿の葉寿し  柳豊,〒638-0431 奈良県吉野郡天川村洞川５２２,その他小売業,0747-64-0622,http://www.yanatoyo-kakinohazushi.jp
四季彩  植喜,〒638-0431 奈良県吉野郡天川村洞川539-3,飲食店,0747-64-0155,-
お食事処  魂龍,〒638-0431 奈良県吉野郡天川村洞川15番地,飲食店,0747-68-9166,-
プチホテル&中華料理  彰武,〒638-0431 奈良県吉野郡天川村洞川293-4,飲食店,0747-64-0802,https://travel.rakuten.co.jp/HOTEL/144962/144962.html
空,〒638-0431 奈良県吉野郡天川村洞川３４０−３,飲食店,0747-64-0280,-
みやそい,〒638-0431 奈良県吉野郡天川村洞川530-5,飲食店,0747-64-0051,-
桝田商店  道の駅吉野路大淀センター内,〒638-0801 奈良県吉野郡大淀町芦原5361道の駅吉野路大淀センター内,飲食店,0747-54-5361,-
ドライブイン169,〒638-0801 奈良県吉野郡大淀町芦原49,飲食店,0747-52-9394,-
道の駅大淀ｉセンター  レストランときん,〒638-0801 奈良県吉野郡大淀町芦原536-1,飲食店,0747-54-5364,-
cafeやまぶき,〒638-0812 奈良県吉野郡大淀町桧垣本１２４９,飲食店,0747-52-2666,https://www.mine3.com/yamabuki
割烹  三笠,〒638-0821 奈良県吉野郡大淀町下渕151-1,飲食店,0747-52-2562,https://www.mikasa2562.com
マクドナルド大淀オークワ店,〒638-0821 奈良県吉野郡大淀町下渕645-5,飲食店,0747-54-2057,-
はなまるうどんミナーラ店,〒638-8012 奈良県奈良市二条大路南1-3-1ミ・ナーラ  １F,飲食店,0742-93-4870,-
サーティーワンアイスクリーム  ラスパ西大和店,〒639-0200 奈良県北葛城郡上牧町ささゆり台1-1,飲食店,0745-79-6631,https://www.31ice.co.jp/
やきとりの扇屋  奈良片岡台店,〒639-0201 奈良県北葛城郡上牧町片岡台1-1-8,飲食店,0745-34-1147,https://tabelog.com/nara/A2903/A290301/29010388/
ナナツモリ,〒639-0201 奈良県北葛城郡上牧町片岡台1-19-4,飲食店,0745-72-2523,https://nana-tsumori.com
地鶏やきとり  ぢどりや上牧店,〒639-0212 奈良県北葛城郡上牧町服部台5-1-10,飲食店,0745-76-5009,-
やきとり大吉上牧店,〒639-0212 奈良県北葛城郡上牧町服部台1-4-19-2,飲食店,0745-78-3153,http://www.eonet.ne.jp/~daikichikannmaki/
海鮮れすとらん  魚輝水産  奈良上牧店,〒639-0214 奈良県北葛城郡上牧町上牧3388,飲食店,0745-71-7309,https://uoteru.co.jp/stores/320/
まほろば珈琲 ささゆり台店,〒639-0214 奈良県北葛城郡上牧町上牧3146,飲食店,0745-79-1152,-
和食さと  西大和店,〒639-0214 奈良県北葛城郡上牧町大字上牧2808-15,飲食店,0745-76-1070,-
来来亭  上牧店,〒639-0217 奈良県北葛城郡上牧町中筋出作241-2,飲食店,0745-77-5305,-
本家さぬきや  奈良西大和店,〒639-0218 奈良県北葛城郡上牧町ささゆり台３丁目１－１天然温泉虹の湯  西大和店内,飲食店,0745-71-4666,-
大阪王将  ラスパ（旧アピタ）西大和店,〒639-0218 奈良県北葛城郡上牧町ささゆり台一丁目１番１号ラスパ西大和店,飲食店,0745-43-7808,-
モスバーガーラスパ（旧アピタ）西大和店,〒639-0218 奈良県北葛城郡上牧町ささゆり台一丁目１番１号ラスパ西大和店,飲食店,0745-71-3900,-
サーティンワンアイスクリーム  エコール・マミ店,〒639-0223 奈良県香芝市真美ケ丘6-10エコールマミ南館2F,飲食店,0745-78-0289,http://www.31ice.co.jp
珈琲館 エコール・マミ店,〒639-0223 奈良県香芝市真美ケ丘6丁目10 エコール・マミ南館2F,飲食店,0745-71-5875,-
広島風お好み焼き  ごんちゃん,〒639-0223 奈良県香芝市真美ケ丘６丁目２－５,飲食店,0745-76-8368,https://mamigaoka-gonchan.com/
あほや真美ケ丘店,〒639-0223 奈良県香芝市真美ケ丘6-10エコールマミ南館2F,飲食店,080-5719-0243,-
マクドナルドエコールマミ店,〒639-0223 奈良県香芝市真美ケ丘6-10南館2F,飲食店,0745-78-1098,-
大阪うどんきらく  真美ケ丘店,〒639-0223 奈良県香芝市真美ケ丘6-10エコール・マミ南館2階,飲食店,0745-71-3700,http://www.kiraku-g.co.jp/
かっぱ寿司  香芝店,〒639-0224 奈良県香芝市別所59-1,飲食店,0745-71-8201,https://www.kappasushi.jp
焼鳥とお茶漬け  風神  五位堂店,〒639-0225 奈良県香芝市瓦口57-5,飲食店,0745-78-7886,-
個室焼肉  小風神  五位堂店,〒639-0225 奈良県香芝市瓦口2251-1倭ビル1階,飲食店,0745-77-9917,-
酒と肴  咲楽,〒639-0225 奈良県香芝市瓦口41,飲食店,0745-77-1983,-
残心屋,〒639-0225 奈良県香芝市瓦口2250-1笑美縁１階,飲食店,0745-76-1061,-
ビッグボーイ 香芝五位堂,〒639-0225 奈良県香芝市瓦口159-3,飲食店,0745-79-2308,https://www.bigboyjapan.co.jp/
焼き小屋  炎宴～en・en～,〒639-0225 奈良県香芝市瓦口32-7シャトー真美ケ丘1階,飲食店,0745-60-2388,https://www.facebook.com/kitenekitene.enen/
マクドナルド五位堂駅前店,〒639-0225 奈良県香芝市瓦口2303,飲食店,0745-71-2115,https://map.mcdonalds.co.jp/map/29532
喜MAMA屋,〒639-0225 奈良県香芝市瓦口２３０２,飲食店,090-5367-4444,-
CAFE&BAR Woodstock,〒639-0225 奈良県香芝市瓦口2238シャーメゾン秋山103,飲食店,0745-49-0940,http://www.cafe-bar-woodstock.com/
やきにく・や,〒639-0227 奈良県香芝市鎌田389-8,飲食店,0745-71-8929,http://yakinikuya-kashiba.com
マガジーノ,〒639-0227 奈良県香芝市鎌田１７２－１,飲食店,0745-79-8815,-
和のごちそう  暖丸,〒639-0227 奈良県香芝市鎌田419-21,飲食店,0745-78-5039,https://r.gnavi.co.jp/b2wjb0z80000/?sc_lid=smp_top_01
大阪王将奈良下田店,〒639-0231 奈良県香芝市下田西4-202-1,飲食店,0745-71-3066,https://www.osaka-ohsho.com/
Good Job Coffee,〒639-0231 奈良県香芝市下田西2-8-1Good Job! センター香芝,飲食店,0745-44-8229,http://goodjobcenter.com/
和食麺処サガミ香芝店,〒639-0231 奈良県香芝市下田西三丁目5-21-1,飲食店,0745-79-5431,https://www.sagami.co.jp/
Barba pizza  バルバピッツア,〒639-0231 奈良県香芝市下田西4丁目183－2,飲食店,0745-76-0777,http://www.barbapizza.favy.jp
株式会社  山本寿司本舗,〒639-0231 奈良県香芝市下田西1-11-10,飲食店,0745-76-2225,https://yamamotosushi.com/
日本料理  卯之庵,〒639-0232 奈良県香芝市下田東1-470,飲食店,0745-76-4416,http://www.unoan.com/
味苑,〒639-0236 奈良県香芝市磯壁３－１－１,飲食店,0745-76-2466,https://www.kashiba-misono.com/
珈琲処コメダ珈琲店香芝店,〒639-0242 奈良県香芝市北今市5丁目550-5,飲食店,0745-71-6511,https://www.komeda.co.jp/search/shopdetail.php?id=543
ふぐ政  香芝店,〒639-0242 奈良県香芝市北今市4丁目  313－1,飲食店,0745-77-5529,-
餃子の王将香芝店,〒639-0242 奈良県香芝市北今市6丁目336-1,飲食店,0745-79-0433,-
居酒や  つくし,〒639-0245 奈良県香芝市畑1154-5カーム  １F,飲食店,0745-78-3999,https://m.facebook.com/i.tsukushi
香芝畑2丁目食堂,〒639-0245 奈良県香芝市畑2-1459-1,飲食店,0745-71-1300,http://www.fujiofood.com/
四季,〒639-0251 奈良県香芝市逢坂８－１００－１,飲食店,0745-76-5248,-
相撲茶屋ちゃんこ  好の里,〒639-0255 奈良県香芝市関屋943-2,飲食店,0745-76-3424,http://yoshinosato.web.fc2.com
カフェ  風香,〒639-0256 奈良県香芝市高山台3丁目11-1,飲食店,0745-79-5067,-
豚烏,〒639-0264 奈良県香芝市今泉376-7,飲食店,0745-43-8983,-
旬のおさかな  玄,〒639-0264 奈良県香芝市今泉457-2,飲食店,0745-77-1829,https://hitosara.com/0006057700/
どうとんぼり神座  香芝店,〒639-0264 奈良県香芝市今泉408-3,飲食店,0745-77-8858,http://kamukura.co.jp
ベビーフェイスプラネッツ香芝店,〒639-0264 奈良県香芝市今泉65-3,飲食店,0745-77-5755,-
鶴橋風月香芝インター店,〒639-0264 奈良県香芝市今泉455-1,飲食店,0745-71-5311,https://fugetsu.jp/?shop=p135
焼肉はなぶさ,〒639-0265 奈良県香芝市上中52-4,飲食店,0745-76-8723,http://yakinikuhanabusa.jp
串カツダイニング  七福神,〒639-0265 奈良県香芝市上中784-1エイトビル,飲食店,0745-71-4188,https://kushikatsudiningshichifukujin.gorp.jp/
びっくりドンキー香芝店,〒639-0265 奈良県香芝市上中62-1-69-3,飲食店,0745-71-5750,https://www.bms-inc.co.jp/bms/franchise/shop.htm?L=BCSDetail&SF=1&ID=A70315495381
さん天  奈良香芝店,〒639-0265 奈良県香芝市上中774-1,飲食店,0745-51-3033,-
マクドナルド168香芝店,〒639-0265 奈良県香芝市上中７７７－１,飲食店,0745-78-9039,-
もんじゃ焼  山吉  香芝店,〒639-0265 奈良県香芝市上中116-1,飲食店,0745-76-7772,-
ガスト 香芝,〒639-0265 奈良県香芝市上中１３１－１,飲食店,0745-71-2552,-
焼肉  奈々味,〒639-0265 奈良県香芝市上中99-1,飲食店,0745-71-8853,https://www.yakiniku-nanami.com/
カレーハウスCoCo壱番屋  香芝インター店,〒639-0265 奈良県香芝市上中６２-１,飲食店,0745-71-5153,-
すき家  香芝ＩＣ店,〒639-0265 奈良県香芝市上中69-3,飲食店,0120-498-007,-
河童ラーメン  香芝店,〒639-0266 奈良県香芝市旭ヶ丘1-26-2,飲食店,0745-71-7007,http://kappa-hompo.co.jp/
あんどう,〒639-0266 奈良県香芝市旭ケ丘1-29-4,飲食店,0745-78-1151,-
洋食よだれ道,〒639-0266 奈良県香芝市旭ケ丘2-6-3,飲食店,0745-76-3739,-
釜めし  玉や,〒639-0276 奈良県葛城市當麻１２４２,飲食店,0745-48-5470,https://taima-tamaya.com
薬庵,〒639-0276 奈良県葛城市當麻1256-2,飲食店,0745-48-6810,-
炭火焼肉  武蔵,〒639-1001 奈良県大和郡山市九条町231-1,飲食店,0743-52-9634,-
喫茶ポケット,〒639-1007 奈良県大和郡山市南郡山町527-5,飲食店,0743-55-6808,-
八剣伝南郡山店,〒639-1007 奈良県大和郡山市南郡山町330,飲食店,0743-53-7557,-
小花寿司,〒639-1007 奈良県大和郡山市南郡山町237-15,飲食店,0743-54-2138,-
モスバーガー  近鉄郡山店,〒639-1007 奈良県大和郡山市南郡山町539-11YKビル1F,飲食店,0743-55-1588,https://www.mos.jp/shop/detail/01385/
和食さと  郡山店,〒639-1026 奈良県大和郡山市小林町王子560-2,飲食店,07435-9-1012,-
マクドナルド25号大和郡山店,〒639-1026 奈良県大和郡山市小林町560-1,飲食店,0743-58-4105,https://map.mcdonalds.co.jp/map/29536
しゃぶ葉 大和郡山,〒639-1026 奈良県大和郡山市小林町５６０－１,飲食店,0743-58-4677,-
海転寿司丸忠  アピタ大和郡山店,〒639-1028 奈良県大和郡山市田中町字宮西517番,飲食店,0743-52-8588,-
サーティーワンアイスクリーム  大和郡山店,〒639-1028 奈良県大和郡山市田中町888-4,飲食店,0743-52-2231,https://www.31ice.co.jp/
かつ屋  アピタ大和郡山店,〒639-1028 奈良県大和郡山市田中町５１７番地アピタ1F,飲食店,0743-54-2917,https://www.foods-japan.co.jp/company/
角栄家,〒639-1037 奈良県大和郡山市額田部北町547-3,飲食店,0743-84-6688,-
うなぎの川はら  大和郡山店,〒639-1042 奈良県大和郡山市小泉町2506-3,飲食店,0743-52-7545,http://unagino-kawahara.com/
居酒屋びぃだま,〒639-1042 奈良県大和郡山市小泉町東2-3-7吉野ビル,飲食店,0743-57-0567,-
CAFE&CURRY GiGi,〒639-1042 奈良県大和郡山市小泉町2838-3,飲食店,0743-85-7677,http://www.gigicurry.com
居酒屋  よしの,〒639-1042 奈良県大和郡山市小泉町531-1,飲食店,0743-57-3047,-
立ち飲み処  よしの,〒639-1042 奈良県大和郡山市小泉町353-4,飲食店,0743-53-6250,-
ご馳走うどん  おしどり。,〒639-1042 奈良県大和郡山市小泉町2880-1ウエストスプリング102,飲食店,0743-55-5685,-
地鶏やきとり  おしどり。小泉店,〒639-1042 奈良県大和郡山市小泉町671-137,飲食店,0743-54-3822,-
ステーキのどん大和郡山店,〒639-1045 奈良県大和郡山市小林町西3-1-7,飲食店,0743-57-2941,https://www.arcmeal.co.jp/
ワンカルビ大和郡山店,〒639-1045 奈良県大和郡山市小林町西3-1-28,飲食店,0743-56-1129,http://www.1dining.co.jp/
マクドナルド大和中央道郡山店,〒639-1052 奈良県大和郡山市外川町79-1,飲食店,0743-53-4778,https://map.mcdonalds.co.jp/map/29549
株式会社そば処御幸,〒639-1053 奈良県大和郡山市千日町37-1,飲食店,0743-58-2400,http://sobamiyuki.sakura.ne.jp/
Kitchen 萬次郎,〒639-1056 奈良県大和郡山市泉原町947-10,飲食店,0743-55-7601,-
うぶすなの郷 TOMIMOTO,〒639-1061 奈良県生駒郡安堵町東安堵1442,旅館・ホテル,0743-56-3855,https://www.and-tomimoto.jp/
カプリチョーザイオンモール大和郡山店,〒639-1101 奈良県大和郡山市下三橋町741イオンモール大和郡山1階,飲食店,0743-51-0141,http://capricciosa.com/
ミスタードーナツイオンモール大和郡山店,〒639-1101 奈良県大和郡山市下三橋町741,飲食店,0743-53-6888,-
すて～き  大和郡山店,〒639-1101 奈良県大和郡山市下三橋町741イオンモール大和郡山店  1F,飲食店,0743-58-1010,https://www.matsuya-gr.com/
サーティーワンアイスクリーム  イオンモール大和郡山店,〒639-1101 奈良県大和郡山市下三橋町741,飲食店,0743-54-0031,https://www.31ice.co.jp/
串家物語  イオンモール大和郡山,〒639-1101 奈良県大和郡山市下三橋町741イオンモール大和郡山 1F,飲食店,0743-58-1222,http://www.fujiofood.com/
フジオ軒  イオンモール大和郡山,〒639-1101 奈良県大和郡山市下三橋町741イオンモール大和郡山 1F,飲食店,0743-58-5621,http://www.fujiofood.com/
いきなりステーキ大和郡山店,〒639-1101 奈良県大和郡山市下三橋町741,飲食店,0743-51-2629,-
酒舟寿司,〒639-1102 奈良県大和郡山市上三橋町144-1,飲食店,0743-52-1529,https://ameblo.jp/break-10
鶴橋風月郡山大御門店,〒639-1103 奈良県大和郡山市美濃庄町23,飲食店,0743-54-7288,-
フジエダハウス,〒639-1106 奈良県大和郡山市大江町114-1,飲食店,0743-52-6686,https://www.fujieda-coffee.co.jp/cafe-house.html
松屋  Ｒ天理ＰＡ(下り線)店,〒639-1113 奈良県大和郡山市櫟枝町字三ノ坪195-1,飲食店,0743-58-3806,-
松屋  Ｒ天理ＰＡ(上り線)店,〒639-1114 奈良県大和郡山市新庄町字ウツキ田104-1,飲食店,0743-59-5003,-
マクドナルド大和郡山インター店,〒639-1115 奈良県大和郡山市横田町75,飲食店,0743-57-8724,https://map.mcdonalds.co.jp/map/29010
オランダ屋郡山店,〒639-1115 奈良県大和郡山市横田町591-3,飲食店,0743-56-6660,https://www.fujieda-coffee.co.jp/cafe-koriyama.html
博多長浜らーめん夢街道  大和郡山店,〒639-1115 奈良県大和郡山市横田町1187-2,飲食店,0743-57-6337,https://yumekaidou.com/
モスバーガー  大和郡山店,〒639-1115 奈良県大和郡山市横田町85-1,飲食店,0743-57-6677,https://www.mos.jp/shop/detail/00963/
caffegita,〒639-1121 奈良県大和郡山市杉町 207-6,飲食店,0743-57-6654,http://caffegita.com/home
わだいにんぐ麿,〒639-1123 奈良県大和郡山市筒井町746,飲食店,0743-57-3605,-
豚ホルモン串焼き・もつ鍋・R&R居酒屋ばんちゃん,〒639-1123 奈良県大和郡山市筒井町573-23,飲食店,0742-25-6700,-
ビッグボーイ 大和筒井,〒639-1123 奈良県大和郡山市筒井町531-1,飲食店,0743-23-0012,https://www.bigboyjapan.co.jp/
焼肉筒井,〒639-1123 奈良県大和郡山市筒井町７２７,飲食店,0743-56-2260,-
郡山筒井町食堂,〒639-1123 奈良県大和郡山市筒井町531-1,飲食店,0743-59-5277,http://www.fujiofood.com/
壽志屋,〒639-1123 奈良県大和郡山市筒井町741-3,飲食店,0743-56-0740,-
うなぎ  大門,〒639-1123 奈良県大和郡山市筒井町934-1サンビル1F,飲食店,0743-57-7234,-
鳥貴族 筒井駅前店,〒639-1123 奈良県大和郡山市筒井町747平川ビル・2階,飲食店,0743-86-4766,-
居酒屋  染太郎,〒639-1123 奈良県大和郡山市筒井町571-10,飲食店,0743-56-5789,-
地鶏やきとり  おしどり。筒井店,〒639-1123 奈良県大和郡山市筒井町699-1,飲食店,0743-57-2102,-
カレーハウスCoCo壱番屋  大和郡山筒井店,〒639-1123 奈良県大和郡山市筒井町５３１－１,飲食店,0743-57-9696,-
フレンチ＆イタリアンバル  Copine,〒639-1124 奈良県大和郡山市馬司町630-1カタヤマハイツ1F,飲食店,0743-57-0155,https://tabelog.com/nara/A2902/A290202/29008658/?lid=owner_rst-top-jitempo_pc
TORIオ〜ル,〒639-1133 奈良県大和郡山市高田口町40-2,飲食店,080-7724-3341,-
（株）いざかや一心,〒639-1134 奈良県大和郡山市柳２丁目15-1,飲食店,0743-55-7117,-
創作和食れすとらんばんか,〒639-1136 奈良県大和郡山市本庄町266-1,飲食店,0743-57-5030,-
串カツいざきゃ一心,〒639-1143 奈良県大和郡山市新紺屋町２－１,飲食店,0743-54-9414,-
サンプーペー,〒639-1146 奈良県大和郡山市北大工町12,飲食店,0743-52-2200,http://st-poupee.jp
季節料理翁,〒639-1148 奈良県大和郡山市紺屋町33-2,飲食店,0743-52-3646,http://okina-nara.com/
料理旅館  尾川,〒639-1150 奈良県大和郡山市雑穀町16,飲食店,0743-52-2162,https://ryouriryokan-ogawa.jp
彩り,〒639-1156 奈良県大和郡山市堺町18,飲食店,0743-20-0556,-
Le BENKEI,〒639-1160 奈良県大和郡山市北郡山町276-1,飲食店,0743-53-3588,https://www.benkei.ne.jp/
カフェ  R/B,〒639-1160 奈良県大和郡山市北郡山町276-1,飲食店,0743-53-3588,-
カフェレストラン・カステッロ,〒639-1160 奈良県大和郡山市北郡山町211-3,飲食店,0743-55-5586,-
北郡山食堂,〒639-1160 奈良県大和郡山市北郡山町145-2,飲食店,0743-51-1130,http://www.fujiofood.com/
びっくりドンキー大和新庄店,〒639-2102 奈良県葛城市東室149-1,飲食店,0745-69-0023,https://www.bms-inc.co.jp/bms/franchise/shop.htm?L=BCSDetail&SF=1&ID=A70315495441
餃子の王将大和新庄店,〒639-2102 奈良県葛城市東室149-1,飲食店,0745-69-9806,-
マクドナルド大和新庄店,〒639-2102 奈良県葛城市東室149-1,飲食店,0745-69-4384,https://map.mcdonalds.co.jp/map/29004
ガスト 大和新庄,〒639-2102 奈良県葛城市東室１４９－１,飲食店,0745-69-8004,-
活魚と日本料理  和楽心  新庄店,〒639-2113 奈良県葛城市北花内１７１－５,飲食店,0745-69-7868,https://tomoe-group.com/warakushin/
焼肉  あみ火や  新庄店,〒639-2113 奈良県葛城市北花内１７１－５,飲食店,0745-69-3003,http://amibiya.com/
和食さと  新庄西店,〒639-2113 奈良県葛城市北花内424-1,飲食店,07456-9-4871,-
四季の味さくら,〒639-2113 奈良県葛城市北花内261-5,飲食店,0745-69-8002,-
たけ鮓,〒639-2113 奈良県葛城市北花内36-9,飲食店,0745-69-3232,http://takezushi.com
焼肉  アジヨシ,〒639-2113 奈良県葛城市西室145-1,飲食店,0745-69-7778,https://www.yakiniku-nanami.com/ajiyoshi/
KASUYA奈良新庄店,〒639-2113 奈良県葛城市北花内４２３－４,飲食店,0745-69-0029,http://www.aburakasu.com
ごっつおや吾妻,〒639-2122 奈良県葛城市薑212-5,飲食店,0745-63-2662,-
奈良葛城食堂,〒639-2123 奈良県葛城市忍海486-1,飲食店,0745-64-0675,http://www.fujiofood.com/
来来亭新庄店,〒639-2126 奈良県葛城市北花内106―1来来亭新庄店,飲食店,0745-69-7112,-
あやとり,〒639-2126 奈良県葛城市南花内86番地7,飲食店,0745-69-7037,-
神々の宿る郷かつらぎの森,〒639-2135 奈良県葛城市寺口1096,飲食店,0745-69-6921,http://yado-katsuragi.com/
さんろく茶屋,〒639-2146 奈良県葛城市中戸370-3,飲食店,0745-69-9578,-
サロン＆カフェ  みとしの森,〒639-2262 奈良県御所市東持田町２６８,飲食店,080-6174-9485,-
柿の葉ずしヤマト御所店,〒639-2302 奈良県御所市東松本284-1,飲食店,0745-62-8010,http://www.kakinoha.com
マクドナルド御所ライフ店,〒639-2302 奈良県御所市東松本190御所ライフ,飲食店,0745-64-2104,https://map.mcdonalds.co.jp/map/29512
葛城高原ロッジ,〒639-2312 奈良県御所市櫛羅2569,旅館・ホテル,0745-62-5083,http://www.katsuragikougen.co.jp
大衆酒場ひげとアフロ,〒639-2429 奈良県香芝市瓦口2250-1笑美縁ビル,飲食店,0745-78-2429,-
柿の葉ずし総本家平宗 吉野本店,〒639-3113 奈良県吉野郡吉野町飯貝614,飲食店,0746-32-2053,http://www.hiraso.jp/store/
豆富茶屋  林,〒639-3115 奈良県吉野郡吉野町吉野山551,飲食店,0746-32-5681,http://www.yoshinoyama-tofu.jp/
西澤屋,〒639-3115 奈良県吉野郡吉野町吉野山９５１,飲食店,0746-32-8600,-
やっこ,〒639-3115 奈良県吉野郡吉野町吉野山543,飲食店,0746-32-3117,http://www.yakko-yoshinoyama.com
吉野温泉元湯,〒639-3115 奈良県吉野郡吉野町吉野山902-1,旅館・ホテル,0746-32-3061,http://www.motoyu-yoshino.com/#modal_2
初音,〒639-3115 奈良県吉野郡  吉野町  吉野山2682,飲食店,0746-32-8455,https://hatuneyoshino.jp/
ちゃつぼ    芳魂庵,〒639-3115 奈良県吉野郡吉野町吉野山550,飲食店,0746-32-8207,http://houkonan.jp/
千本楼,〒639-3115 奈良県吉野郡吉野町吉野山345,飲食店,0746-32-3036,-
静亭,〒639-3115 奈良県吉野郡吉野町吉野山952,飲食店,0746-32-3157,http://www.yosino-sizukatei.sakura.ne.jp/
山の駅,〒639-3115 奈良県吉野郡吉野町吉野山3388,飲食店,0746-32-3112,-
吉野荘  湯川屋,〒639-3115 奈良県吉野郡吉野町吉野山440,旅館・ホテル,0746-32-3004,http://www.yukawaya.com/
お食事処  はるかぜ,〒639-3115 奈良県吉野郡吉野町吉野山545-2,飲食店,0746-32-3830,-
TSUJIMURA&cafe kiton,〒639-3115 奈良県吉野郡吉野町吉野山950,飲食店,0746-32-3032,https://tsujimura-yoshino.com
御食事処  花屋,〒639-3115 奈良県吉野郡吉野町吉野山368,飲食店,0746-32-5083,-
朝日館,〒639-3115 奈良県吉野郡吉野町吉野山964,飲食店,0746-32-3106,-
うなぎ屋  太鼓判,〒639-3115 奈良県吉野郡吉野町吉野山1278,飲食店,0746-32-3071,http://www.unagi-taikoban.com/
匠の聚,〒639-3541 奈良県吉野郡川上村東川135,その他サービス業,0746-53-2381,http://www.takuminomura.gr.jp
お好み焼き  いか焼き  杉,〒639-3553 奈良県吉野郡川上村迫688-6,飲食店,0746-52-0727,-
ホテル杉の湯,〒639-3553 奈良県吉野郡川上村迫695,旅館・ホテル,0746-52-0006,http://www.suginoyu.com/
レストラン山吹,〒639-3553 奈良県吉野郡川上村迫695,飲食店,0746-52-0006,http://www.suginoyu.com/
フォレストかみきた,〒639-3701 奈良県吉野郡上北山村河合552-2,飲食店,07468-3-0001,https://forest-kamikita.com
きなり館  レストラン,〒639-3805 奈良県吉野郡下北山村上池原282きなり館,飲食店,07468-5-2001,https://www.kinarinosato.net/
